"refno","eudisapp.hat","eudisapp.95lo","eudisapp.med","eudisapp.95hi","ShapeFileName","casName","PublicWhipName","casNameScotland","GSSCode"
1,50.609260230351,42.6864918100019,50.7354791699878,58.5230504940593,"Aberavon Co Const","Aberavon","Aberavon",NA,"W07000049"
2,52.870032680739,44.8187141193955,52.8622788482142,60.6429117529342,"Aberconwy Co Const","Aberconwy","Aberconwy",NA,"W07000058"
3,39.6394509724489,31.6200106836456,39.595864366518,48.9154575663681,"Aberdeen North Burgh Const",NA,"Aberdeen North","Aberdeen North","S14000001"
4,34.7715677034159,27.0219703609826,34.8943026202058,43.1086581848851,"Aberdeen South Burgh Const",NA,"Aberdeen South","Aberdeen South","S14000002"
5,40.0438671119305,32.6674522526721,40.079643804751,47.7255424432548,"West Aberdeenshire and Kincardine Co Const",NA,"West Aberdeenshire and Kincardine","West Aberdeenshire and Kincardine","S14000058"
6,44.3134835760951,36.5285111693546,44.522836610246,52.4158840660435,"Airdrie and Shotts Co Const",NA,"Airdrie and Shotts","Airdrie and Shotts","S14000003"
7,52.0449357390329,44.490352591484,52.0038499517345,59.7581820449789,"Aldershot Boro Const","Aldershot","Aldershot",NA,"E14000530"
8,60.3154378442336,52.2754529725611,60.3295835883598,67.2193806930051,"Aldridge-Brownhills Boro Const","Aldridge-Brownhills","Aldridge-Brownhills",NA,"E14000531"
9,42.7741402817109,35.3533807707193,43.1030240438806,49.8788434954145,"Altrincham and Sale West Boro Const","Altrincham and Sale West","Altrincham and Sale West",NA,"E14000532"
10,50.9853787422912,43.9255807901954,50.827500453376,58.6162996068335,"Alyn and Deeside Co Const","Alyn and Deeside","Alyn and Deeside",NA,"W07000043"
11,57.510944184786,51.2290340315725,57.2135993765119,65.0462124064033,"Amber Valley Co Const","Amber Valley","Amber Valley",NA,"E14000533"
12,49.6002952643569,41.3847201002652,49.5632921943652,58.2610381888978,"Angus Co Const",NA,"Angus","Angus","S14000004"
16,45.2572966986323,35.8858870313323,45.1209212715306,55.3709786696291,"Arfon Co Const","Arfon","Arfon",NA,"W07000057"
17,42.2991961050152,35.6386790790708,42.2027809395354,49.9157918188053,"Argyll and Bute Co Const",NA,"Argyll and Bute","Argyll and Bute","S14000005"
18,53.9890265505021,46.6478167674309,53.8536969272337,61.3153672320898,"Arundel and South Downs Co Const","Arundel and South Downs","Arundel and South Downs",NA,"E14000534"
19,51.3409690319301,43.3448696335291,51.3922012518522,59.2035599094224,"Ashfield Co Const","Ashfield","Ashfield",NA,"E14000535"
20,55.2784577824236,48.2946903475874,55.1753914951361,62.21227861405,"Ashford Co Const","Ashford","Ashford",NA,"E14000536"
21,51.4304263179929,43.7746050194731,51.4893375617592,58.7639428476062,"Ashton-under-Lyne Boro Const","Ashton-under-Lyne","Ashton-under-Lyne",NA,"E14000537"
22,51.7295135802032,44.3435280960144,51.8135299769941,58.4151656051107,"Aylesbury Co Const","Aylesbury","Aylesbury",NA,"E14000538"
23,46.6201789687806,38.8890858041263,46.4697696633631,55.0066637717806,"Ayr, Carrick and Cumnock Co Const",NA,"Ayr, Carrick and Cumnock","Ayr Carrick and Cumnock","S14000006"
24,43.4020125853809,35.9027545896975,43.474089242834,51.2239611482431,"Central Ayrshire Co Const",NA,"Central Ayrshire","Central Ayrshire","S14000010"
25,43.42860321475,36.1577250773682,43.2316003168275,50.9124753406966,"North Ayrshire and Arran Co Const",NA,"North Ayrshire and Arran","North Ayrshire and Arran","S14000048"
26,50.9311579245247,43.6319540420038,51.0050602673658,57.80044756279,"Banbury Co Const","Banbury","Banbury",NA,"E14000539"
27,50.8536785801375,41.2169817586574,50.9025045343478,60.0138092830573,"Banff and Buchan Co Const",NA,"Banff and Buchan","Banff and Buchan","S14000007"
28,54.9754895443642,46.9465386533727,54.8756041810435,62.9462571871621,"Barking Boro Const","Barking","Barking",NA,"E14000540"
29,49.5202326974285,40.595266912827,49.8624194045412,56.7161405491098,"Barnsley Central Boro Const","Barnsley Central","Barnsley Central",NA,"E14000541"
30,54.9355195755959,46.7382368785776,55.0945667843677,62.4377133340051,"Barnsley East Co Const","Barnsley East","Barnsley East",NA,"E14000542"
31,53.5512407394837,45.692456067735,53.37219756089,61.6428066826716,"Barrow and Furness Co Const","Barrow and Furness","Barrow and Furness",NA,"E14000543"
32,57.9233205626165,50.0342151052432,58.091492130783,65.0772073266306,"Basildon and Billericay Boro Const","Basildon and Billericay","Basildon and Billericay",NA,"E14000544"
33,59.8918599827988,51.6376758913448,60.0745778889762,66.6581520233609,"South Basildon and East Thurrock Co Const","South Basildon and East Thurrock","South Basildon and East Thurrock",NA,"E14000933"
34,50.8244506454742,42.4189552230559,50.9378843611654,58.5552739668986,"Basingstoke Boro Const","Basingstoke","Basingstoke",NA,"E14000545"
35,53.4789653607555,46.4646148491917,53.4756559169188,60.2698043322904,"Bassetlaw Co Const","Bassetlaw","Bassetlaw",NA,"E14000546"
36,34.141425358295,26.434462156181,34.2050109615132,42.892948392751,"Bath Boro Const","Bath","Bath",NA,"E14000547"
37,56.2958395101486,48.458720202513,56.3839143285151,63.4566369761207,"Batley and Spen Boro Const","Batley and Spen","Batley and Spen",NA,"E14000548"
38,27.592248929108,21.2101633665398,27.5748837151352,34.7563989876214,"Battersea Boro Const","Battersea","Battersea",NA,"E14000549"
39,50.3287982183478,43.2029696460921,50.2074568756071,57.9938964458707,"Beaconsfield Co Const","Beaconsfield","Beaconsfield",NA,"E14000550"
40,49.2670774296783,40.3601752524257,49.6383552282402,56.8310232871391,"Beckenham Boro Const","Beckenham","Beckenham",NA,"E14000551"
41,46.0601020758283,38.4968400466459,46.0519487050699,53.8449741011002,"Bedford Boro Const","Bedford","Bedford",NA,"E14000552"
42,51.3271347616428,43.6324966725295,51.5540622475925,57.8905734419435,"Mid Bedfordshire Co Const","Mid Bedfordshire","Mid Bedfordshire",NA,"E14000813"
43,54.4555501922905,47.4411740338925,54.7104082344755,61.4918684228949,"North East Bedfordshire Co Const","North East Bedfordshire","North East Bedfordshire",NA,"E14000841"
44,56.541077050738,49.5265882551141,56.4923302378431,63.7798047913457,"South West Bedfordshire Co Const","South West Bedfordshire","South West Bedfordshire",NA,"E14000949"
49,28.68165634109,21.9137009018709,28.7527695797072,36.0800788238586,"Bermondsey and Old Southwark Boro Const","Bermondsey and Old Southwark","Bermondsey and Old Southwark",NA,"E14000553"
50,50.0271826626959,41.7008585263884,50.0877158303154,58.1436422225128,"Berwick-upon-Tweed Co Const","Berwick-upon-Tweed","Berwick-upon-Tweed",NA,"E14000554"
51,48.3946212924746,40.211275785741,48.4575627046609,56.9871866906574,"Berwickshire, Roxburgh and Selkirk Co Const",NA,"Berwickshire, Roxburgh and Selkirk","Berwickshire Roxburgh and Selkirk","S14000008"
52,37.1556149498147,28.5528149924867,37.2743555590037,45.5977443119695,"Bethnal Green and Bow Boro Const","Bethnal Green and Bow","Bethnal Green and Bow",NA,"E14000555"
53,54.4074084165459,46.9943915368381,54.5199681646945,61.5259473337294,"Beverley and Holderness Co Const","Beverley and Holderness","Beverley and Holderness",NA,"E14000556"
54,54.3904548806851,46.0811440194493,54.6694293047264,61.2544689445571,"Bexhill and Battle Co Const","Bexhill and Battle","Bexhill and Battle",NA,"E14000557"
55,60.1440637218423,53.186862805042,60.1132964810965,66.8578776733267,"Bexleyheath and Crayford Boro Const","Bexleyheath and Crayford","Bexleyheath and Crayford",NA,"E14000558"
56,45.6624119378869,37.6164294276171,45.7804396875898,54.5168549231319,"Birkenhead Boro Const","Birkenhead","Birkenhead",NA,"E14000559"
57,42.0655062079081,35.3392766465184,42.0990207213866,49.6835826770165,"Birmingham, Edgbaston Boro Const","Birmingham, Edgbaston","Birmingham, Edgbaston",NA,"E14000560"
58,53.3463398724195,45.4111191343538,53.5681303322835,60.7805147577037,"Birmingham, Erdington Boro Const","Birmingham, Erdington","Birmingham, Erdington",NA,"E14000561"
59,45.1060757278192,35.7158891971041,45.2535467185323,54.3617932012781,"Birmingham, Hall Green Boro Const","Birmingham, Hall Green","Birmingham, Hall Green",NA,"E14000562"
60,52.4131092504421,42.3679735267984,52.508810189369,61.3318994289841,"Birmingham, Hodge Hill Boro Const","Birmingham, Hodge Hill","Birmingham, Hodge Hill",NA,"E14000563"
61,37.5092901553947,29.2390248849879,37.7131268387708,47.4438886322176,"Birmingham, Ladywood Boro Const","Birmingham, Ladywood","Birmingham, Ladywood",NA,"E14000564"
62,51.4402125327484,43.0106933164933,51.7188192892057,59.0353547778001,"Birmingham, Northfield Boro Const","Birmingham, Northfield","Birmingham, Northfield",NA,"E14000565"
63,47.0890392845685,38.6844551146035,47.0825707321263,56.332715906885,"Birmingham, Perry Barr Boro Const","Birmingham, Perry Barr","Birmingham, Perry Barr",NA,"E14000566"
64,41.0554082085851,33.9639571213418,41.2147290578525,48.9017440061185,"Birmingham, Selly Oak Boro Const","Birmingham, Selly Oak","Birmingham, Selly Oak",NA,"E14000567"
65,53.9530820117611,46.2145133604044,53.9857003666097,61.7720326041834,"Birmingham, Yardley Boro Const","Birmingham, Yardley","Birmingham, Yardley",NA,"E14000568"
66,53.1380045445508,45.2829751333544,53.3094108252595,59.8583803826711,"Bishop Auckland Co Const","Bishop Auckland","Bishop Auckland",NA,"E14000569"
67,49.9901649144684,41.0265099261838,50.0719939536025,57.8739894368293,"Blackburn Boro Const","Blackburn","Blackburn",NA,"E14000570"
68,50.6002230161141,41.1927167138588,50.563245486572,59.2485856284117,"Blackley and Broughton Boro Const","Blackley and Broughton","Blackley and Broughton",NA,"E14000571"
69,58.1490072187634,51.0173582330336,58.0780734540384,64.9436416873272,"Blackpool North and Cleveleys Boro Const","Blackpool North and Cleveleys","Blackpool North and Cleveleys",NA,"E14000572"
70,57.4937852572243,49.5335616334713,57.5745677163036,65.4850463518405,"Blackpool South Boro Const","Blackpool South","Blackpool South",NA,"E14000573"
71,49.1971277487666,40.2482312809029,49.1993136784642,58.4937042231816,"Blaenau Gwent Co Const","Blaenau Gwent","Blaenau Gwent",NA,"W07000072"
72,51.053554052947,43.0441810340572,51.1036155160814,58.7312040259656,"Blaydon Boro Const","Blaydon","Blaydon",NA,"E14000574"
73,52.6434613443721,45.1416583577616,52.5446713181489,61.2441836430879,"Blyth Valley Boro Const","Blyth Valley","Blyth Valley",NA,"E14000575"
74,59.5136488329055,52.5316260104079,59.356214450068,66.5016527812027,"Bognor Regis and Littlehampton Co Const","Bognor Regis and Littlehampton","Bognor Regis and Littlehampton",NA,"E14000576"
75,52.2203879031435,45.0463368055407,52.280829368571,59.7180151342028,"Bolsover Co Const","Bolsover","Bolsover",NA,"E14000577"
76,49.9582011057106,42.2425401169559,49.992832935873,57.8151673886048,"Bolton North East Boro Const","Bolton North East","Bolton North East",NA,"E14000578"
77,52.9936982915492,45.834408663936,53.0237869587236,60.288351038314,"Bolton South East Boro Const","Bolton South East","Bolton South East",NA,"E14000579"
78,50.9284234410075,43.6590572847808,50.8627387002738,57.9580248806986,"Bolton West Co Const","Bolton West","Bolton West",NA,"E14000580"
79,50.0024634697389,41.4850224043377,50.2540754910332,58.666557669879,"Bootle Boro Const","Bootle","Bootle",NA,"E14000581"
80,63.6914197611486,56.3717458982457,63.6409710841723,70.6635490095608,"Boston and Skegness Co Const","Boston and Skegness","Boston and Skegness",NA,"E14000582"
81,56.4544833859356,48.9482942398011,56.442064228936,63.6891147185083,"Bosworth Co Const","Bosworth","Bosworth",NA,"E14000583"
82,53.5332312179137,45.655194273293,53.4543440257576,62.5637842132109,"Bournemouth East Boro Const","Bournemouth East","Bournemouth East",NA,"E14000584"
83,51.5050750605146,43.2459332435924,51.6092130858284,59.3072204165502,"Bournemouth West Boro Const","Bournemouth West","Bournemouth West",NA,"E14000585"
84,51.9523547662377,44.6695430366894,51.9113306207006,59.6359733722549,"Bracknell Co Const","Bracknell","Bracknell",NA,"E14000586"
85,51.2105403764222,42.4795497290696,51.4060461645337,59.635132752222,"Bradford East Boro Const","Bradford East","Bradford East",NA,"E14000587"
86,56.0014345359675,48.9085340289883,55.87466356292,62.9066344669419,"Bradford South Boro Const","Bradford South","Bradford South",NA,"E14000588"
87,46.3214806577708,37.7652656904039,46.2878297221004,55.5443118503592,"Bradford West Boro Const","Bradford West","Bradford West",NA,"E14000589"
88,57.8806031047774,51.2951742234528,57.7524449294262,64.7598006752135,"Braintree Co Const","Braintree","Braintree",NA,"E14000590"
89,49.5574183026408,41.5668352250079,49.7131736051705,56.8406122853122,"Brecon and Radnorshire Co Const","Brecon and Radnorshire","Brecon and Radnorshire",NA,"W07000068"
90,32.2304760522251,24.9138548403471,32.4228555090454,39.7494513505207,"Brent Central Boro Const","Brent Central","Brent Central",NA,"E14000591"
91,39.6136208665261,31.4343040221149,39.731044738401,47.9753132804613,"Brent North Boro Const","Brent North","Brent North",NA,"E14000592"
92,36.9330628926571,30.5614937520233,36.920456427363,44.3466451849453,"Brentford and Isleworth Boro Const","Brentford and Isleworth","Brentford and Isleworth",NA,"E14000593"
93,57.2141921779283,49.9197249615716,57.2124171247028,64.1971255732066,"Brentwood and Ongar Co Const","Brentwood and Ongar","Brentwood and Ongar",NA,"E14000594"
94,48.5382680232266,40.9809790038226,48.518244392047,56.3422567931886,"Bridgend Co Const","Bridgend","Bridgend",NA,"W07000073"
95,59.6398134344082,52.7121619917706,59.4999372178607,67.0248390229832,"Bridgwater and West Somerset Co Const","Bridgwater and West Somerset","Bridgwater and West Somerset",NA,"E14000595"
96,56.2208790800516,48.6609883041417,56.0301634171662,63.4615837108863,"Brigg and Goole Co Const","Brigg and Goole","Brigg and Goole",NA,"E14000596"
97,47.2646038290351,39.4523993352923,47.3105618239829,55.2737708086018,"Brighton, Kemptown Boro Const","Brighton, Kemptown","Brighton, Kemptown",NA,"E14000597"
98,33.1751530261084,26.1484584409234,33.2451825818142,41.1693979115783,"Brighton, Pavilion Boro Const","Brighton, Pavilion","Brighton, Pavilion",NA,"E14000598"
99,46.3238994492141,38.5542313956637,46.5601644057461,53.4376966086287,"Bristol East Boro Const","Bristol East","Bristol East",NA,"E14000599"
100,39.7079105530495,32.2658344625897,39.8421864321167,47.0566347664169,"Bristol North West Boro Const","Bristol North West","Bristol North West",NA,"E14000600"
101,49.2554481483279,41.4027514650863,49.1901912547504,57.1933156329142,"Bristol South Boro Const","Bristol South","Bristol South",NA,"E14000601"
102,18.9568841151233,13.941857120585,19.0252664692829,25.2617325098461,"Bristol West Boro Const","Bristol West","Bristol West",NA,"E14000602"
103,56.1527390779691,48.8927918279832,56.1343380877532,63.2599177845877,"Broadland Co Const","Broadland","Broadland",NA,"E14000603"
104,50.9688967482347,43.9958360897949,51.0075631422141,58.1743751930561,"Bromley and Chislehurst Boro Const","Bromley and Chislehurst","Bromley and Chislehurst",NA,"E14000604"
105,53.2815096509085,46.5120384204167,53.1959431149735,60.2276746897284,"Bromsgrove Co Const","Bromsgrove","Bromsgrove",NA,"E14000605"
106,57.5891431541171,49.5531254399821,57.7271350672254,64.9051016307513,"Broxbourne Boro Const","Broxbourne","Broxbourne",NA,"E14000606"
107,46.3811783640547,39.4175518558,46.3690450421973,53.246791192825,"Broxtowe Co Const","Broxtowe","Broxtowe",NA,"E14000607"
108,53.6168838836228,44.0323169196619,53.6471776098725,62.9342670420439,"Buckingham Co Const","Buckingham","Buckingham",NA,"E14000608"
109,49.7272680232228,41.6565974829276,49.7699215111664,57.6557174439129,"Burnley Boro Const","Burnley","Burnley",NA,"E14000609"
110,54.5037989671739,47.0722216562996,54.6713128000843,61.3202226304172,"Burton Co Const","Burton","Burton",NA,"E14000610"
111,52.3804937925493,44.3626472567673,52.4393189447712,60.0570908122656,"Bury North Boro Const","Bury North","Bury North",NA,"E14000611"
112,48.3758394587255,40.6136672622807,48.6675184654923,55.7319666573991,"Bury South Boro Const","Bury South","Bury South",NA,"E14000612"
113,51.5442674977197,44.3726485157029,51.6810712159478,58.6424480329919,"Bury St. Edmunds Co Const","Bury St Edmunds","Bury St Edmunds",NA,"E14000613"
114,46.0645690155905,37.9631235507434,46.1109079919665,54.1054371077311,"Caerphilly Co Const","Caerphilly","Caerphilly",NA,"W07000076"
115,43.6801244533875,34.4735965112811,43.8586432869611,52.5952522987597,"Caithness, Sutherland and Easter Ross Co Const",NA,"Caithness, Sutherland and Easter Ross","Caithness Sutherland and Easter Ross","S14000009"
116,47.7500410688249,40.9474183668424,47.6942300202361,54.7126047148201,"Calder Valley Co Const","Calder Valley","Calder Valley",NA,"E14000614"
117,29.140587853513,22.2295204419713,29.2979911210201,37.0489303801794,"Camberwell and Peckham Boro Const","Camberwell and Peckham","Camberwell and Peckham",NA,"E14000615"
118,58.1477050663743,48.7023284277979,57.777420343847,68.2064262185385,"Camborne and Redruth Co Const","Camborne and Redruth","Camborne and Redruth",NA,"E14000616"
119,25.3294076349196,19.2736777073134,25.3862018492934,32.5723087173185,"Cambridge Boro Const","Cambridge","Cambridge",NA,"E14000617"
120,64.371011771405,57.9182699278586,64.0889263448542,71.3807146616567,"North East Cambridgeshire Co Const","North East Cambridgeshire","North East Cambridgeshire",NA,"E14000842"
121,57.1554380170861,50.4069180727138,56.9708337077397,64.3426720971739,"North West Cambridgeshire Co Const","North West Cambridgeshire","North West Cambridgeshire",NA,"E14000855"
122,43.0136563142137,36.1970815194308,42.9334404831185,50.3298583929233,"South Cambridgeshire Co Const","South Cambridgeshire","South Cambridgeshire",NA,"E14000934"
123,46.347593916566,39.1163518129134,46.4868068820141,52.8792518779359,"South East Cambridgeshire Co Const","South East Cambridgeshire","South East Cambridgeshire",NA,"E14000937"
124,57.6236527072003,50.0540892794632,57.6485509882737,64.6872854757663,"Cannock Chase Co Const","Cannock Chase","Cannock Chase",NA,"E14000618"
125,42.5268858950791,35.4730454490971,42.6837013166306,50.3228975850666,"Canterbury Co Const","Canterbury","Canterbury",NA,"E14000619"
126,27.9785163050705,21.9170775528191,27.9469274540084,35.6459782966616,"Cardiff Central Boro Const","Cardiff Central","Cardiff Central",NA,"W07000050"
127,42.5429930405228,35.3920159594483,42.5847970751914,50.1682689675932,"Cardiff North Boro Const","Cardiff North","Cardiff North",NA,"W07000051"
128,49.2399323799078,41.9164037716154,49.4163934336444,57.221570790485,"Cardiff South and Penarth Boro Const","Cardiff South and Penarth","Cardiff South and Penarth",NA,"W07000080"
129,44.6722202425076,37.1996390741157,44.6415582904962,52.5119219495371,"Cardiff West Boro Const","Cardiff West","Cardiff West",NA,"W07000079"
130,49.1494144122123,40.7025719801469,49.3155590061609,57.8604750666141,"Carlisle Boro Const","Carlisle","Carlisle",NA,"E14000620"
131,52.8331382358408,44.2374160572152,52.7038174397348,61.8673927237812,"Carmarthen East and Dinefwr Co Const","Carmarthen East and Dinefwr","Carmarthen East and Dinefwr",NA,"W07000067"
132,52.7401915629749,44.5706165912963,52.7631467478043,59.9404172917462,"Carmarthen West and South Pembrokeshire Co Const","Carmarthen West and South Pembrokeshire","Carmarthen West and South Pembrokeshire",NA,"W07000066"
133,54.662464576388,47.3756987578058,54.511230108437,62.2854494288617,"Carshalton and Wallington Boro Const","Carshalton and Wallington","Carshalton and Wallington",NA,"E14000621"
134,62.484392876961,54.3223833252632,62.6165485037423,69.8933381297982,"Castle Point Boro Const","Castle Point","Castle Point",NA,"E14000622"
135,38.5023332393144,30.710619424186,38.5903971902104,46.9401428181417,"Ceredigion Co Const","Ceredigion","Ceredigion",NA,"W07000064"
136,58.6411312010981,52.1650658792878,58.479960871903,66.2660780965048,"Charnwood Co Const","Charnwood","Charnwood",NA,"E14000625"
137,55.2419811641449,47.9531720311543,55.253061482681,61.9636880597624,"Chatham and Aylesford Co Const","Chatham and Aylesford","Chatham and Aylesford",NA,"E14000626"
138,44.4085756907336,36.4978670954436,44.6245167339916,52.2769402455918,"Cheadle Boro Const","Cheadle","Cheadle",NA,"E14000627"
139,51.0351775404033,42.7492062948638,51.1005066686216,58.5467173401226,"Chelmsford Boro Const","Chelmsford","Chelmsford",NA,"E14000628"
140,31.8359396008576,24.4342661021914,31.967020701371,40.2661989680491,"Chelsea and Fulham Boro Const","Chelsea and Fulham","Chelsea and Fulham",NA,"E14000629"
141,43.2332422653483,35.4780768167088,43.2136585294583,51.2816351924597,"Cheltenham Boro Const","Cheltenham","Cheltenham",NA,"E14000630"
142,46.8958100984266,39.6463859318394,46.7629820217357,54.7437519538087,"Chesham and Amersham Co Const","Chesham and Amersham","Chesham and Amersham",NA,"E14000631"
143,41.2231087368319,34.1160813355038,41.2488363665731,49.2508725766739,"City of Chester Co Const","City of Chester","City of Chester",NA,"E14000640"
144,46.3120960809116,38.2227191339501,46.4484445576645,54.2550928367325,"Chesterfield Boro Const","Chesterfield","Chesterfield",NA,"E14000632"
145,50.4585718388526,43.003473415717,50.5529320262537,58.0216652016107,"Chichester Co Const","Chichester","Chichester",NA,"E14000633"
146,54.7387796999544,47.4358076980323,54.7443115803192,62.6841534300503,"Chingford and Woodford Green Boro Const","Chingford and Woodford Green","Chingford and Woodford Green",NA,"E14000634"
147,45.1773195346217,37.5144711214283,45.4209653702548,52.3819799411203,"Chippenham Co Const","Chippenham","Chippenham",NA,"E14000635"
148,41.4447647035206,33.6066483919005,41.7157442382474,48.5720752884096,"Chipping Barnet Boro Const","Chipping Barnet","Chipping Barnet",NA,"E14000636"
149,51.7323612775666,44.8612216407767,51.6546240106066,58.4884511148392,"Chorley Co Const","Chorley","Chorley",NA,"E14000637"
150,62.0865907306748,54.1974272957265,62.0132265408388,69.2605492921272,"Christchurch Co Const","Christchurch","Christchurch",NA,"E14000638"
151,31.1230601806311,24.55318821063,31.0844412128071,38.7972999671358,"Cities of London and Westminster Boro Const","Cities of London and Westminster","Cities of London and Westminster",NA,"E14000639"
152,66.9229479259969,58.3164852631822,66.758405297281,74.9542399802954,"Clacton Co Const","Clacton","Clacton",NA,"E14000642"
153,57.6977308885553,50.6851696278524,57.5918039538513,65.3121595242389,"Cleethorpes Co Const","Cleethorpes","Cleethorpes",NA,"E14000643"
154,49.6425589932433,41.9450173852314,49.7346719155353,57.1637238336222,"Clwyd South Co Const","Clwyd South","Clwyd South",NA,"W07000062"
155,53.1242709707041,45.7433264459172,53.2517403190098,60.4063179695176,"Clwyd West Co Const","Clwyd West","Clwyd West",NA,"W07000059"
156,44.9401821587965,36.5245540443409,44.9260666479501,53.7994524167161,"Coatbridge, Chryston and Bellshill Burgh Const",NA,"Coatbridge, Chryston and Bellshill","Coatbridge Chryston and Bellshill","S14000011"
157,46.5699840497669,38.4595885004072,46.7523967035893,54.8034796489923,"Colchester Boro Const","Colchester","Colchester",NA,"E14000644"
158,49.9145632120632,43.3087168737421,49.8258707420276,57.1955678526531,"Colne Valley Co Const","Colne Valley","Colne Valley",NA,"E14000645"
159,47.1033923052094,39.7919559150228,47.2218138496331,54.36733448625,"Congleton Co Const","Congleton","Congleton",NA,"E14000646"
160,51.1010594933192,42.1231035911213,51.218135548253,59.6797043923654,"Copeland Co Const","Copeland","Copeland",NA,"E14000647"
161,53.9318993778947,46.43310840739,53.8698802514333,61.6707649443522,"Corby Co Const","Corby","Corby",NA,"E14000648"
162,56.4378183740595,48.6581811636571,56.2300041463277,64.258577577522,"North Cornwall Co Const","North Cornwall","North Cornwall",NA,"E14000837"
163,55.8042083576101,47.7252786781517,55.6777893569112,63.19193021598,"South East Cornwall Co Const","South East Cornwall","South East Cornwall",NA,"E14000938"
164,48.684500631094,41.3670154565111,48.8019940023312,56.1006998045985,"The Cotswolds Co Const","The Cotswolds","The Cotswolds",NA,"E14000991"
165,48.2273803180342,40.5173353508777,48.3719621363305,56.2030113794559,"Coventry North East Boro Const","Coventry North East","Coventry North East",NA,"E14000649"
166,51.0226200622834,43.5338513865696,51.2037364245849,58.6082521955569,"Coventry North West Boro Const","Coventry North West","Coventry North West",NA,"E14000650"
167,41.9491951663276,34.3940903000883,42.0878288621556,49.2052741291935,"Coventry South Boro Const","Coventry South","Coventry South",NA,"E14000651"
168,52.7002617569942,45.3431053519955,52.7538876217929,59.4390951472308,"Crawley Boro Const","Crawley","Crawley",NA,"E14000652"
169,48.7056413570475,40.024480387319,49.0018676115472,55.396235030782,"Crewe and Nantwich Co Const","Crewe and Nantwich","Crewe and Nantwich",NA,"E14000653"
170,48.8177340247573,41.860761447396,48.9734118104038,55.8643387871386,"Croydon Central Boro Const","Croydon Central","Croydon Central",NA,"E14000654"
171,39.9667969167843,32.2386710691088,39.9253051702737,48.4763311881045,"Croydon North Boro Const","Croydon North","Croydon North",NA,"E14000655"
172,51.1371931858218,44.7245407598672,51.0163615511172,58.489771214415,"Croydon South Boro Const","Croydon South","Croydon South",NA,"E14000656"
173,43.4169200175843,36.131923959582,43.422926431605,51.4253163184145,"Cumbernauld, Kilsyth and Kirkintilloch East Co Const",NA,"Cumbernauld, Kilsyth and Kirkintilloch East","Cumbernauld Kilsyth and Kirkintilloch East","S14000012"
174,49.3046192369439,41.374685930047,49.5132430981709,56.9859096165704,"Cynon Valley Co Const","Cynon Valley","Cynon Valley",NA,"W07000070"
175,60.3264764529955,52.9970095219349,60.3262069723901,66.7897356211414,"Dagenham and Rainham Boro Const","Dagenham and Rainham","Dagenham and Rainham",NA,"E14000657"
176,50.1598836422119,40.6369351803501,50.3770601817941,58.7375938994294,"Darlington Boro Const","Darlington","Darlington",NA,"E14000658"
177,56.0606924319726,48.603799987846,56.1065636629492,62.916484295663,"Dartford Co Const","Dartford","Dartford",NA,"E14000659"
178,55.8059905931383,48.8520333656079,55.5276961526916,63.54993165897,"Daventry Co Const","Daventry","Daventry",NA,"E14000660"
179,51.177901956775,43.8289262581682,51.0265980097431,58.986326775394,"Delyn Co Const","Delyn","Delyn",NA,"W07000042"
180,54.9325541738006,47.6024872069465,54.8725226688443,62.6507561060562,"Denton and Reddish Boro Const","Denton and Reddish","Denton and Reddish",NA,"E14000661"
181,45.9640093074144,38.0947405493851,46.2070449218624,53.1480175180982,"Derby North Boro Const","Derby North","Derby North",NA,"E14000662"
182,53.9184118245061,46.7157797094977,53.7321057354797,61.9878548531477,"Derby South Boro Const","Derby South","Derby South",NA,"E14000663"
183,51.7885624155038,44.5780280888756,51.8079566281121,59.397905329627,"Derbyshire Dales Co Const","Derbyshire Dales","Derbyshire Dales",NA,"E14000664"
184,50.7550507463026,43.2325257567976,50.8225196967187,58.0683120150202,"Mid Derbyshire Co Const","Mid Derbyshire","Mid Derbyshire",NA,"E14000814"
185,53.4575360757783,46.0149402222336,53.3083235885242,61.0522402612544,"North East Derbyshire Co Const","North East Derbyshire","North East Derbyshire",NA,"E14000843"
186,53.9148684574834,47.0479752767292,54.0828752939459,60.5773330681432,"South Derbyshire Co Const","South Derbyshire","South Derbyshire",NA,"E14000935"
187,53.4562761254158,45.0328464409244,53.33662251552,61.8167481315784,"Devizes Co Const","Devizes","Devizes",NA,"E14000665"
188,52.4995578795805,45.2004615928735,52.4623351998046,59.5160287145069,"Central Devon Co Const","Central Devon","Central Devon",NA,"E14000623"
189,54.5085493132935,47.1884083544468,54.3854661073614,62.098060085925,"East Devon Co Const","East Devon","East Devon",NA,"E14000678"
190,53.9648241370247,45.9654690645973,54.1096229886462,60.9191853728207,"North Devon Co Const","North Devon","North Devon",NA,"E14000838"
191,58.6097159401374,50.4284769472199,58.4957700016103,66.179974767978,"South West Devon Co Const","South West Devon","South West Devon",NA,"E14000950"
192,59.0163168982574,52.071988255356,58.8285357318793,66.5145714363758,"Torridge and West Devon Co Const","Torridge and West Devon","Torridge and West Devon",NA,"E14001000"
193,53.8957467317138,46.8911526612315,53.7608843853813,61.1011108036396,"Dewsbury Co Const","Dewsbury","Dewsbury",NA,"E14000666"
194,56.2182431160095,49.0060595451306,56.0829309388457,63.1346220639934,"Don Valley Co Const","Don Valley","Don Valley",NA,"E14000667"
195,49.6951590039653,41.4567480134024,49.9789411795529,56.5170190933328,"Doncaster Central Boro Const","Doncaster Central","Doncaster Central",NA,"E14000668"
196,53.2311482193754,45.5890631376382,53.328995442601,60.1445020671233,"Doncaster North Co Const","Doncaster North","Doncaster North",NA,"E14000669"
197,53.2241851639464,45.2983683388057,53.4865249787831,60.1563624115294,"Mid Dorset and North Poole Co Const","Mid Dorset and North Poole","Mid Dorset and North Poole",NA,"E14000815"
198,53.8468352466233,46.7902889215952,53.8316533131251,61.1242891059568,"North Dorset Co Const","North Dorset","North Dorset",NA,"E14000839"
199,56.2346667240066,48.172654187194,56.1871306562171,64.4334071150175,"South Dorset Co Const","South Dorset","South Dorset",NA,"E14000936"
200,51.0186475424211,43.684642942908,51.0896641766846,57.8225778144879,"West Dorset Co Const","West Dorset","West Dorset",NA,"E14001031"
201,52.4134360757881,44.8060674504712,52.4006603241345,60.2878730586911,"Dover Co Const","Dover","Dover",NA,"E14000670"
204,58.2577174457558,51.1449524810769,58.1876793182883,65.9491489665473,"Dudley North Boro Const","Dudley North","Dudley North",NA,"E14000671"
205,56.1382627629603,48.1996401393555,56.1951470500527,63.9120842996389,"Dudley South Boro Const","Dudley South","Dudley South",NA,"E14000672"
206,25.4913674058015,19.8291032198288,25.6092800027826,32.2711516554984,"Dulwich and West Norwood Boro Const","Dulwich and West Norwood","Dulwich and West Norwood",NA,"E14000673"
207,49.3254027007121,41.445635248582,49.0525403777594,58.3484018782459,"Dumfries and Galloway Co Const",NA,"Dumfries and Galloway","Dumfries and Galloway","S14000013"
208,48.9741545191819,40.9600981796743,48.8883574070143,57.0722313293715,"Dumfriesshire, Clydesdale and Tweeddale Co Const",NA,"Dumfriesshire, Clydesdale and Tweeddale","Dumfriesshire Clydesdale and Tweeddale","S14000014"
209,33.3105353828615,25.6537469568995,33.5899889746428,40.3253561969287,"East Dunbartonshire Co Const",NA,"East Dunbartonshire","East Dunbartonshire","S14000018"
210,40.5931074569585,32.9107086725834,40.8105432035963,48.2774281068536,"West Dunbartonshire Co Const",NA,"West Dunbartonshire","West Dunbartonshire","S14000059"
211,39.3631537438227,30.6842124918448,39.6183665505229,47.5899875238399,"Dundee East Burgh Const",NA,"Dundee East","Dundee East","S14000015"
212,40.2597270670767,32.473772147402,40.2724290747386,48.7916858066968,"Dundee West Burgh Const",NA,"Dundee West","Dundee West","S14000016"
213,34.8440162742648,26.696134852493,34.9530445463196,43.5456975404021,"Dunfermline and West Fife Co Const",NA,"Dunfermline and West Fife","Dunfermline and West Fife","S14000017"
214,40.4226686726639,32.7829967164692,40.5463051649889,48.2664085644532,"City of Durham Co Const","City of Durham","City of Durham",NA,"E14000641"
215,52.2841574625658,44.4533386042617,52.4493780194649,60.341288363645,"North Durham Co Const","North Durham","North Durham",NA,"E14000840"
216,50.6304083180095,42.6356989300366,50.9267688375469,57.6766675562352,"North West Durham Co Const","North West Durham","North West Durham",NA,"E14000856"
217,51.4640172216436,41.8129754887937,51.5141659302497,60.6075143781311,"Dwyfor Meirionnydd Co Const","Dwyfor Meirionnydd","Dwyfor Meirionnydd",NA,"W07000061"
218,28.3631665283324,22.4638423529857,28.520437025931,34.4901750348659,"Ealing Central and Acton Boro Const","Ealing Central and Acton","Ealing Central and Acton",NA,"E14000674"
219,46.4182142862205,39.6260676430144,46.3805977217124,53.3179970704447,"Ealing North Boro Const","Ealing North","Ealing North",NA,"E14000675"
220,39.2038327940297,29.7120057198471,39.3217743409784,49.3154804753996,"Ealing, Southall Boro Const","Ealing, Southall","Ealing, Southall",NA,"E14000676"
221,52.9596142458304,45.3679149888706,53.0325836912492,61.0621693910887,"Easington Co Const","Easington","Easington",NA,"E14000677"
222,39.0712274542649,30.7305967424326,39.1689787251655,48.2735246484797,"East Ham Boro Const","East Ham","East Ham",NA,"E14000679"
223,38.9215633053244,32.2777080533018,39.0940871184753,45.5420844514228,"East Kilbride, Strathaven and Lesmahagow Co Const",NA,"East Kilbride, Strathaven and Lesmahagow","East Kilbride Strathaven and Lesmahagow","S14000019"
224,41.9123873144872,34.3287848814929,41.9105412174232,49.898169329419,"East Lothian Co Const",NA,"East Lothian","East Lothian","S14000020"
225,53.6117223501348,46.0425090724642,53.6618715108069,61.1425701120254,"Eastbourne Boro Const","Eastbourne","Eastbourne",NA,"E14000684"
226,52.9794277953953,45.8905785663098,52.8968132686921,60.4880994845514,"Eastleigh Boro Const","Eastleigh","Eastleigh",NA,"E14000685"
227,51.1587131446542,43.6441129689699,51.1679004722797,58.5655083292769,"Eddisbury Co Const","Eddisbury","Eddisbury",NA,"E14000686"
228,33.6992362332112,26.8884984248411,33.6866727736465,41.0598206119614,"Edinburgh East Burgh Const",NA,"Edinburgh East","Edinburgh East","S14000022"
229,31.9505027796389,25.2071923519488,31.8233842826645,40.1991140522002,"Edinburgh North and Leith Burgh Const",NA,"Edinburgh North and Leith","Edinburgh North and Leith","S14000023"
230,29.9175403437953,23.5427841455871,29.9221728511769,37.353101142893,"Edinburgh South Burgh Const",NA,"Edinburgh South","Edinburgh South","S14000024"
231,35.3296093373669,28.3654754243715,35.4967301137746,41.870507898018,"Edinburgh South West Burgh Const",NA,"Edinburgh South West","Edinburgh South West","S14000025"
232,35.2707227260964,27.9507990712697,35.4110169308195,42.904906407186,"Edinburgh West Burgh Const",NA,"Edinburgh West","Edinburgh West","S14000026"
233,46.059401414344,37.951579679712,46.2567855252904,54.0624682764396,"Edmonton Boro Const","Edmonton","Edmonton",NA,"E14000687"
234,48.7049887667626,41.0660902632003,48.7472256402642,56.0810917423824,"Ellesmere Port and Neston Co Const","Ellesmere Port and Neston","Ellesmere Port and Neston",NA,"E14000688"
235,55.812596011399,49.2728058128109,55.6068174810984,62.8490376680227,"Elmet and Rothwell Co Const","Elmet and Rothwell","Elmet and Rothwell",NA,"E14000689"
236,48.9508540516502,41.8487236139574,48.9605086517777,56.3625247145681,"Eltham Boro Const","Eltham","Eltham",NA,"E14000690"
237,55.8695110780766,49.3819884314028,55.8203410223785,63.0414304420717,"Enfield North Boro Const","Enfield North","Enfield North",NA,"E14000691"
238,43.6126841851144,35.8283548431443,43.8160147888653,52.4765276907082,"Enfield, Southgate Boro Const","Enfield, Southgate","Enfield, Southgate",NA,"E14000692"
239,58.5036784404864,51.3025373412569,58.5364658985423,65.4080565678168,"Epping Forest Co Const","Epping Forest","Epping Forest",NA,"E14000693"
240,49.0538112259497,41.9926446366939,49.0098304266899,57.1371212640689,"Epsom and Ewell Boro Const","Epsom and Ewell","Epsom and Ewell",NA,"E14000694"
241,53.9838804788604,46.5227740014405,54.0705965449026,61.0404945545741,"Erewash Co Const","Erewash","Erewash",NA,"E14000695"
242,49.2478962503952,41.4671989256296,49.342069915514,56.9448170578125,"Erith and Thamesmead Boro Const","Erith and Thamesmead","Erith and Thamesmead",NA,"E14000696"
243,44.4979224240279,37.5951430637226,44.5505429483973,51.4501992345586,"Esher and Walton Boro Const","Esher and Walton","Esher and Walton",NA,"E14000697"
244,41.1121566601875,33.2828658209581,41.4150374664497,48.4291940697482,"Exeter Boro Const","Exeter","Exeter",NA,"E14000698"
245,41.2602487352137,33.6108139932637,41.514398925699,48.5582628159385,"Falkirk Co Const",NA,"Falkirk","Falkirk","S14000028"
246,52.8052708114155,45.2608312712947,53.0242065371639,59.5922600348175,"Fareham Co Const","Fareham","Fareham",NA,"E14000699"
247,54.7646687825705,47.8685196020077,54.9036770717766,61.8421919291058,"Faversham and Mid Kent Co Const","Faversham and Mid Kent","Faversham and Mid Kent",NA,"E14000700"
248,50.3678434297584,42.9521371536896,50.3207584690141,58.6764633231526,"Feltham and Heston Boro Const","Feltham and Heston","Feltham and Heston",NA,"E14000701"
250,36.2895047504396,28.579058630882,36.2765907623175,44.9061737288649,"North East Fife Co Const",NA,"North East Fife","North East Fife","S14000049"
251,46.8491447632079,39.7786096040706,47.0230924151645,54.0338769250359,"Filton and Bradley Stoke Co Const","Filton and Bradley Stoke","Filton and Bradley Stoke",NA,"E14000702"
252,28.3316342626226,20.8782461846858,28.4635632607712,36.6076434438296,"Finchley and Golders Green Boro Const","Finchley and Golders Green","Finchley and Golders Green",NA,"E14000703"
253,57.9251567706269,50.8826978244476,57.86895170709,65.1472134491529,"Folkestone and Hythe Co Const","Folkestone and Hythe","Folkestone and Hythe",NA,"E14000704"
254,50.4006902339087,43.4181633617926,50.51307350607,57.7256635448302,"Forest of Dean Co Const","Forest of Dean","Forest of Dean",NA,"E14000705"
256,55.1951147824282,48.1654181016036,55.1064827729817,62.3688777735096,"Fylde Co Const","Fylde","Fylde",NA,"E14000706"
257,55.5830083694912,48.2953896792128,55.6296427258597,62.2170146866708,"Gainsborough Co Const","Gainsborough","Gainsborough",NA,"E14000707"
258,47.1927383381311,39.4396365521348,47.3101506992895,55.0819328638958,"Garston and Halewood Boro Const","Garston and Halewood","Garston and Halewood",NA,"E14000708"
259,52.630208699161,44.4323863536499,52.4874134993493,61.0000253777958,"Gateshead Boro Const","Gateshead","Gateshead",NA,"E14000709"
260,46.8716679596291,38.782838147059,47.2114892738837,53.8134718641496,"Gedling Co Const","Gedling","Gedling",NA,"E14000710"
261,55.0902642490658,47.2263219246123,55.3367865174785,62.4091768555608,"Gillingham and Rainham Boro Const","Gillingham and Rainham","Gillingham and Rainham",NA,"E14000711"
262,35.2139067155772,27.6894552283605,35.2777504561438,43.7094169963197,"Glasgow Central Burgh Const",NA,"Glasgow Central","Glasgow Central","S14000029"
263,43.7654870160583,35.1037096713768,43.8988821172664,52.7999810012561,"Glasgow East Burgh Const",NA,"Glasgow East","Glasgow East","S14000030"
264,27.3455704889861,20.9980196427969,27.5106839931632,34.4901621638579,"Glasgow North Burgh Const",NA,"Glasgow North","Glasgow North","S14000031"
265,40.5521189171592,31.4839418696429,40.7469259570013,49.3857518436856,"Glasgow North East Burgh Const",NA,"Glasgow North East","Glasgow North East","S14000032"
266,36.654555148907,29.4878120528847,36.6573509691987,44.8288174067079,"Glasgow North West Burgh Const",NA,"Glasgow North West","Glasgow North West","S14000033"
267,37.4977921699537,30.5434879889348,37.5935797649266,44.574215518297,"Glasgow South Burgh Const",NA,"Glasgow South","Glasgow South","S14000034"
268,43.6083631842642,35.7343498919633,43.7164021409966,51.3309955618422,"Glasgow South West Burgh Const",NA,"Glasgow South West","Glasgow South West","S14000035"
269,39.3517772361154,30.9791203101888,39.4360847083006,48.1857251895191,"Glenrothes Co Const",NA,"Glenrothes","Glenrothes","S14000036"
270,53.0148787711399,45.736400545015,52.8962803459745,60.9180703991634,"Gloucester Boro Const","Gloucester","Gloucester",NA,"E14000712"
271,40.4572626399496,32.3806929309424,40.4040087370077,48.7799391195737,"Gordon Co Const",NA,"Gordon","Gordon","S14000037"
272,54.53064072926,45.9885530058573,54.7343745661347,62.3957501127358,"Gosport Boro Const","Gosport","Gosport",NA,"E14000713"
273,46.0037439031483,38.1316249047146,46.3512174781167,53.2425338116364,"Gower Co Const","Gower","Gower",NA,"W07000046"
274,56.7574529984141,50.190635633245,56.675895805923,63.721290465763,"Grantham and Stamford Co Const","Grantham and Stamford","Grantham and Stamford",NA,"E14000714"
275,59.1195714487765,52.2869228538745,59.0707337046299,66.3925663873718,"Gravesham Co Const","Gravesham","Gravesham",NA,"E14000715"
276,52.8886239070867,44.3403654499733,53.1384554374392,61.6418237412463,"Great Grimsby Boro Const","Great Grimsby","Great Grimsby",NA,"E14000716"
277,61.1238610498657,53.6341691117986,61.0651091803502,68.1379490025831,"Great Yarmouth Co Const","Great Yarmouth","Great Yarmouth",NA,"E14000717"
278,34.7040333759204,28.6442158282983,34.8031288463432,41.2503457226476,"Greenwich and Woolwich Boro Const","Greenwich and Woolwich","Greenwich and Woolwich",NA,"E14000718"
279,41.4159707925766,34.3650406403343,41.5643854724742,48.435897034866,"Guildford Co Const","Guildford","Guildford",NA,"E14000719"
280,27.2332704657376,20.6276291542668,27.2666432975296,35.5097508137205,"Hackney North and Stoke Newington Boro Const","Hackney North and Stoke Newington","Hackney North and Stoke Newington",NA,"E14000720"
281,32.1458390454122,25.7481856313532,32.1128818149873,39.8880472986194,"Hackney South and Shoreditch Boro Const","Hackney South and Shoreditch","Hackney South and Shoreditch",NA,"E14000721"
282,56.8290630143589,49.7233587512758,56.8422169124569,63.5610280178497,"Halesowen and Rowley Regis Boro Const","Halesowen and Rowley Regis","Halesowen and Rowley Regis",NA,"E14000722"
283,55.5859457520854,48.6164701453611,55.3542679240204,62.9832427402275,"Halifax Boro Const","Halifax","Halifax",NA,"E14000723"
284,53.2097613030714,45.8345429701714,53.2516132315083,60.0775251669185,"Haltemprice and Howden Co Const","Haltemprice and Howden","Haltemprice and Howden",NA,"E14000724"
285,51.8567508141973,44.5637641815308,51.7224238501181,59.7203025358043,"Halton Co Const","Halton","Halton",NA,"E14000725"
286,31.421230586218,25.15199986816,31.4061168715739,39.3169600483202,"Hammersmith Boro Const","Hammersmith","Hammersmith",NA,"E14000726"
287,49.580847438872,42.6036283236129,49.6212553648,56.3303749127308,"East Hampshire Co Const","East Hampshire","East Hampshire",NA,"E14000680"
288,46.2977696596245,39.0004659242213,46.558426724239,52.8696711611076,"North East Hampshire Co Const","North East Hampshire","North East Hampshire",NA,"E14000844"
289,53.2060369196557,46.0543681360386,53.309697744604,60.1571046289433,"North West Hampshire Co Const","North West Hampshire","North West Hampshire",NA,"E14000857"
290,24.5147088627613,19.295907739249,24.7139715433431,30.457782876726,"Hampstead and Kilburn Boro Const","Hampstead and Kilburn","Hampstead and Kilburn",NA,"E14000727"
291,52.495603817704,44.6204403960805,52.6324436001797,59.3848828883409,"Harborough Co Const","Harborough","Harborough",NA,"E14000728"
292,55.8343563940331,47.9793683509511,55.8466731330306,62.8103616269922,"Harlow Co Const","Harlow","Harlow",NA,"E14000729"
293,47.4425105887715,40.3913625530497,47.5158217319926,54.5101893193814,"Harrogate and Knaresborough Co Const","Harrogate and Knaresborough","Harrogate and Knaresborough",NA,"E14000730"
294,47.3699268685458,39.2256113075092,47.33846743075,55.769729192879,"Harrow East Boro Const","Harrow East","Harrow East",NA,"E14000731"
295,41.915895505394,34.6637795402537,41.8370144679997,50.09028498245,"Harrow West Boro Const","Harrow West","Harrow West",NA,"E14000732"
296,53.0905172133435,45.8409094619509,53.0136569874736,61.1755499600795,"Hartlepool Boro Const","Hartlepool","Hartlepool",NA,"E14000733"
297,56.1935159830777,49.3511169506371,56.0737877228767,63.4447879182055,"Harwich and North Essex Co Const","Harwich and North Essex","Harwich and North Essex",NA,"E14000734"
298,51.6728871402733,43.3751143340163,51.8008906535941,59.65851480248,"Hastings and Rye Co Const","Hastings and Rye","Hastings and Rye",NA,"E14000735"
299,54.3858918117503,46.5924215917449,54.5852358816846,61.645843165232,"Havant Boro Const","Havant","Havant",NA,"E14000736"
300,52.0366425722562,44.3201926916475,51.9036664311411,60.2154237238679,"Hayes and Harlington Boro Const","Hayes and Harlington","Hayes and Harlington",NA,"E14000737"
301,48.4933114073599,41.3119084574259,48.4688077853558,55.8967603590394,"Hazel Grove Co Const","Hazel Grove","Hazel Grove",NA,"E14000738"
302,52.1135123657009,44.5918527600234,52.2064698134278,59.4892599316929,"Hemel Hempstead Co Const","Hemel Hempstead","Hemel Hempstead",NA,"E14000739"
303,52.1041409213001,44.0274043330202,52.0509580206003,59.4758712132337,"Hemsworth Co Const","Hemsworth","Hemsworth",NA,"E14000740"
304,36.7351673520613,28.7057916383368,36.8955144558948,44.5124557651046,"Hendon Boro Const","Hendon","Hendon",NA,"E14000741"
305,46.2640650146234,39.2104172157444,46.2002042583748,53.3599974711829,"Henley Co Const","Henley","Henley",NA,"E14000742"
306,52.5482621313661,44.8820847369567,52.6421041597324,59.929091953753,"Hereford and South Herefordshire Co Const","Hereford and South Herefordshire","Hereford and South Herefordshire",NA,"E14000743"
307,52.8234598680222,45.5623444399144,52.7256053343351,60.2102085539681,"North Herefordshire Co Const","North Herefordshire","North Herefordshire",NA,"E14000847"
308,51.0919434590971,43.4680636929647,51.1721132928008,58.2601679397088,"Hertford and Stortford Co Const","Hertford and Stortford","Hertford and Stortford",NA,"E14000744"
309,51.577524338303,44.2255575727005,51.5319158555973,58.6504485453701,"North East Hertfordshire Co Const","North East Hertfordshire","North East Hertfordshire",NA,"E14000845"
310,48.621911528206,41.6976897888173,48.574206655687,55.9978255479312,"South West Hertfordshire Co Const","South West Hertfordshire","South West Hertfordshire",NA,"E14000951"
311,53.9490982315464,46.7797692788255,53.8100703009909,61.6186760614251,"Hertsmere Co Const","Hertsmere","Hertsmere",NA,"E14000745"
312,46.8981355680983,38.3636853891459,47.1069627271009,54.8207958197994,"Hexham Co Const","Hexham","Hexham",NA,"E14000746"
313,54.7094986391053,47.7035041604976,54.5217506179799,62.0623044792886,"Heywood and Middleton Co Const","Heywood and Middleton","Heywood and Middleton",NA,"E14000747"
314,48.9737968468667,41.7879888769396,48.8126147361875,56.2275991847818,"High Peak Co Const","High Peak","High Peak",NA,"E14000748"
315,44.2775162475607,36.6131641839835,44.3173036279974,51.4152630361038,"Hitchin and Harpenden Co Const","Hitchin and Harpenden","Hitchin and Harpenden",NA,"E14000749"
316,25.9294351190644,20.1061819793593,26.0101776981326,32.2978120961212,"Holborn and St. Pancras Boro Const","Holborn and St Pancras","Holborn and St Pancras",NA,"E14000750"
317,58.6746160033308,51.3554626486075,58.8276146160761,65.2565637130083,"Hornchurch and Upminster Boro Const","Hornchurch and Upminster","Hornchurch and Upminster",NA,"E14000751"
318,20.8850495759625,15.7376590616532,20.9514919105234,26.804939605469,"Hornsey and Wood Green Boro Const","Hornsey and Wood Green","Hornsey and Wood Green",NA,"E14000752"
319,49.4320358017616,42.6778324626922,49.5038695479622,56.4816841184831,"Horsham Co Const","Horsham","Horsham",NA,"E14000753"
320,50.9922648376454,42.4069373699309,51.2109786032056,58.6912023478534,"Houghton and Sunderland South Boro Const","Houghton and Sunderland South","Houghton and Sunderland South",NA,"E14000754"
321,40.62098154382,33.3316661477843,40.7936438893874,48.8950334699429,"Hove Boro Const","Hove","Hove",NA,"E14000755"
322,46.7639460745829,38.9741907118168,46.9243845630797,54.3585844310336,"Huddersfield Boro Const","Huddersfield","Huddersfield",NA,"E14000756"
323,54.5654155629835,46.6121264362693,54.2391179552047,62.6296006048698,"Kingston upon Hull East Boro Const","Kingston upon Hull East","Kingston upon Hull East",NA,"E14000771"
324,43.3216134308636,34.9769292724546,43.543487019047,51.4960633848628,"Kingston upon Hull North Boro Const","Kingston upon Hull North","Kingston upon Hull North",NA,"E14000772"
325,52.4176904431572,44.3876359813417,52.4159491185643,60.1402406908195,"Kingston upon Hull West and Hessle Boro Const","Kingston upon Hull West and Hessle","Kingston upon Hull West and Hessle",NA,"E14000773"
326,49.5338747716879,41.994123104857,49.642860797007,56.987710571158,"Huntingdon Co Const","Huntingdon","Huntingdon",NA,"E14000757"
327,53.807433102544,46.3432862164404,54.0409801962769,60.8584678332833,"Hyndburn Boro Const","Hyndburn","Hyndburn",NA,"E14000758"
328,51.3467620601161,43.8691132950549,51.4502586611744,58.1666003682313,"Ilford North Boro Const","Ilford North","Ilford North",NA,"E14000759"
329,46.6621108231045,38.455348280198,46.6137849703524,56.0477251340598,"Ilford South Boro Const","Ilford South","Ilford South",NA,"E14000760"
330,42.2250721208267,34.2904934501983,42.404018191837,50.020186096831,"Inverclyde Co Const",NA,"Inverclyde","Inverclyde","S14000038"
331,39.6434042658617,32.2775044977941,39.7395524903745,47.1730746014268,"Inverness, Nairn, Badenoch and Strathspey Co Const",NA,"Inverness, Nairn, Badenoch and Strathspey","Inverness Nairn Badenoch and Strathspey","S14000039"
332,51.073442039069,43.2383831436051,51.1087169641574,59.0926113244317,"Ipswich Boro Const","Ipswich","Ipswich",NA,"E14000761"
333,59.2228768913848,51.7588866236553,59.1673054101855,66.2433704913114,"Isle of Wight Co Const","Isle of Wight","Isle of Wight",NA,"E14000762"
334,25.0669326934534,19.0181465823753,25.2883801637171,31.2672188499941,"Islington North Boro Const","Islington North","Islington North",NA,"E14000763"
335,32.594251639488,26.3137225400163,32.5554563912596,40.3553148542383,"Islington South and Finsbury Boro Const","Islington South and Finsbury","Islington South and Finsbury",NA,"E14000764"
336,49.7710691217467,41.4566857809968,49.8804281240247,57.5573570793878,"Islwyn Co Const","Islwyn","Islwyn",NA,"W07000077"
337,50.8390204282893,43.114255719688,50.8037120103804,58.308527701942,"Jarrow Boro Const","Jarrow","Jarrow",NA,"E14000765"
338,51.447004260616,44.7299960962174,51.3725271748112,59.0680466174001,"Keighley Co Const","Keighley","Keighley",NA,"E14000766"
339,47.2748957898336,40.2349202314299,47.258830684927,54.4981196434308,"Kenilworth and Southam Co Const","Kenilworth and Southam","Kenilworth and Southam",NA,"E14000767"
340,28.5696824886345,22.0455673717671,28.62893039787,36.4088747671332,"Kensington Boro Const","Kensington","Kensington",NA,"E14000768"
341,53.188965558799,46.2234344479899,53.1634499833825,60.3233916437866,"Kettering Co Const","Kettering","Kettering",NA,"E14000769"
342,45.1083158044416,37.5154894117522,45.0761661744642,52.4686656534522,"Kilmarnock and Loudoun Co Const",NA,"Kilmarnock and Loudoun","Kilmarnock and Loudoun","S14000040"
343,41.5766133978681,34.8198113303752,41.5267528569309,48.7071791898882,"Kingston and Surbiton Boro Const","Kingston and Surbiton","Kingston and Surbiton",NA,"E14000770"
344,52.0833300331991,44.401108273853,52.0833880788054,60.0370058646426,"Kingswood Boro Const","Kingswood","Kingswood",NA,"E14000774"
345,38.9555350316115,31.3651246586279,38.9705261857721,47.2792213182175,"Kirkcaldy and Cowdenbeath Co Const",NA,"Kirkcaldy and Cowdenbeath","Kirkcaldy and Cowdenbeath","S14000041"
346,49.9686034954752,42.062113623434,50.0289635294305,58.3265491085158,"Knowsley Boro Const","Knowsley","Knowsley",NA,"E14000775"
348,42.6674441871511,35.2080016456351,42.8221557029201,50.0566901983684,"Lanark and Hamilton East Co Const",NA,"Lanark and Hamilton East","Lanark and Hamilton East","S14000042"
349,49.636272873249,42.7753888900933,49.6748311319813,56.3248928714194,"West Lancashire Co Const","West Lancashire","West Lancashire",NA,"E14001033"
350,43.211774827267,34.8897022405978,43.3989708527377,51.0523246183882,"Lancaster and Fleetwood Co Const","Lancaster and Fleetwood","Lancaster and Fleetwood",NA,"E14000776"
351,43.7432931441748,36.4460369885003,43.7186658045513,51.3221548628863,"Leeds Central Boro Const","Leeds Central","Leeds Central",NA,"E14000777"
352,53.3311877268211,44.9625014473667,53.4875380269314,61.5742929929051,"Leeds East Boro Const","Leeds East","Leeds East",NA,"E14000778"
353,38.365417022933,30.9920969991775,38.3894193251425,46.2233194379628,"Leeds North East Boro Const","Leeds North East","Leeds North East",NA,"E14000779"
354,30.28964256853,24.4322784004301,30.4570375687119,37.1912766430125,"Leeds North West Boro Const","Leeds North West","Leeds North West",NA,"E14000780"
355,48.7234349773712,41.5874646022409,48.5485241896614,56.2581060549138,"Leeds West Boro Const","Leeds West","Leeds West",NA,"E14000781"
356,53.3478281006518,43.1886325971811,53.3935143483486,62.881691908063,"Leicester East Boro Const","Leicester East","Leicester East",NA,"E14000782"
357,38.7809360227272,31.0933212864659,38.8109388161181,46.6127829162481,"Leicester South Boro Const","Leicester South","Leicester South",NA,"E14000783"
358,47.066408255069,38.6230587400566,47.2492200084278,55.1172025285828,"Leicester West Boro Const","Leicester West","Leicester West",NA,"E14000784"
359,54.5026390008936,47.1621363547335,54.6467238409772,60.7580419917842,"North West Leicestershire Co Const","North West Leicestershire","North West Leicestershire",NA,"E14000858"
360,55.6226987018263,48.2925719771549,55.6558225794929,62.6241417082088,"South Leicestershire Co Const","South Leicestershire","South Leicestershire",NA,"E14000940"
361,53.5267574143659,45.8475842070252,53.4294083294963,61.0615096134203,"Leigh Co Const","Leigh","Leigh",NA,"E14000785"
362,49.8569441800133,42.4724538224059,49.8860702424159,57.8809907155895,"Lewes Co Const","Lewes","Lewes",NA,"E14000786"
363,28.9278637592406,22.3460062681751,28.9291145803712,36.0113050407291,"Lewisham, Deptford Boro Const","Lewisham, Deptford","Lewisham, Deptford",NA,"E14000789"
364,40.4617985708468,33.7494435790424,40.5181453011177,48.3684340849562,"Lewisham East Boro Const","Lewisham East","Lewisham East",NA,"E14000787"
365,36.0955182213263,29.7305529778581,36.262659762561,42.7719067026666,"Lewisham West and Penge Boro Const","Lewisham West and Penge","Lewisham West and Penge",NA,"E14000788"
366,36.8232521035675,30.502543653097,36.7307476485827,44.3740483675197,"Leyton and Wanstead Boro Const","Leyton and Wanstead","Leyton and Wanstead",NA,"E14000790"
367,54.149011347548,47.3462074412682,54.3098346548301,60.7291204646927,"Lichfield Co Const","Lichfield","Lichfield",NA,"E14000791"
368,49.1291733001994,41.0550987958795,49.1781795614343,57.4388078247438,"Lincoln Boro Const","Lincoln","Lincoln",NA,"E14000792"
369,41.9736751322218,34.4392203808183,41.9046720558699,49.8115722614599,"Linlithgow and East Falkirk Co Const",NA,"Linlithgow and East Falkirk","Linlithgow and East Falkirk","S14000043"
370,31.4423479929763,24.3266516538115,31.5492613270781,39.2945850618604,"Liverpool, Riverside Boro Const","Liverpool, Riverside","Liverpool, Riverside",NA,"E14000793"
371,51.2844428447817,42.9450832077257,51.2863502690901,59.4096984491721,"Liverpool, Walton Boro Const","Liverpool, Walton","Liverpool, Walton",NA,"E14000794"
372,39.6930806252891,32.2903293588083,39.8573020258687,47.5605619105104,"Liverpool, Wavertree Boro Const","Liverpool, Wavertree","Liverpool, Wavertree",NA,"E14000795"
373,52.0280113691921,44.2216976053884,51.9739975363518,60.3045462483176,"Liverpool, West Derby Boro Const","Liverpool, West Derby","Liverpool, West Derby",NA,"E14000796"
374,43.4568891310138,36.0336084952312,43.4401092305935,51.432192664047,"Livingston Co Const",NA,"Livingston","Livingston","S14000044"
375,51.8644723440136,43.493581949009,51.8190579536602,61.2108042881802,"Llanelli Co Const","Llanelli","Llanelli",NA,"W07000045"
377,45.388603026524,38.5466081516433,45.2716482300937,52.7305343903391,"Loughborough Co Const","Loughborough","Loughborough",NA,"E14000797"
378,60.1100805214834,53.1742575159586,60.0018135135325,67.9842984162443,"Louth and Horncastle Co Const","Louth and Horncastle","Louth and Horncastle",NA,"E14000798"
379,53.080353418823,45.6027536387873,53.1675945023949,60.1973628178811,"Ludlow Co Const","Ludlow","Ludlow",NA,"E14000799"
380,50.1896622707069,41.8431351229636,50.3994577579972,57.8858602070706,"Luton North Boro Const","Luton North","Luton North",NA,"E14000800"
381,49.1230659390867,40.907825422702,49.3402919757894,56.5681157887282,"Luton South Boro Const","Luton South","Luton South",NA,"E14000801"
382,47.6370774020073,40.2886026040437,47.6805432730854,54.9609434308398,"Macclesfield Co Const","Macclesfield","Macclesfield",NA,"E14000802"
383,43.9849176441582,36.8897955588506,44.2419772570326,50.6341014008601,"Maidenhead Co Const","Maidenhead","Maidenhead",NA,"E14000803"
384,50.1894908077908,43.2264406589895,50.3995186806052,57.0498635960792,"Maidstone and The Weald Co Const","Maidstone and The Weald","Maidstone and The Weald",NA,"E14000804"
385,55.2129813506103,47.4558195709099,55.1347852460054,63.273476946104,"Makerfield Co Const","Makerfield","Makerfield",NA,"E14000805"
386,60.6083239537075,53.5491959419291,60.5129336349343,67.3300278276929,"Maldon Co Const","Maldon","Maldon",NA,"E14000806"
387,33.0015636963516,25.8530947181,33.3990311365232,39.9462736766761,"Manchester Central Boro Const","Manchester Central","Manchester Central",NA,"E14000807"
388,29.7568391007805,23.7090940722502,29.8412267070466,37.3460212162485,"Manchester, Gorton Boro Const","Manchester, Gorton","Manchester, Gorton",NA,"E14000808"
389,24.0417336100501,18.6948340845029,24.2731072373982,29.8664991290116,"Manchester, Withington Boro Const","Manchester, Withington","Manchester, Withington",NA,"E14000809"
390,55.0652162955015,47.456857166093,54.9558286028706,62.4235722794161,"Mansfield Co Const","Mansfield","Mansfield",NA,"E14000810"
391,52.8920886023986,45.3043984961173,52.8681966470802,59.9570948059343,"Meon Valley Co Const","Meon Valley","Meon Valley",NA,"E14000811"
392,56.0158400519731,49.0343716593454,56.020775947297,62.9793041515713,"Meriden Co Const","Meriden","Meriden",NA,"E14000812"
393,51.8279835658327,44.5176490281185,51.6673023067113,60.1482043823532,"Merthyr Tydfil and Rhymney Co Const","Merthyr Tydfil and Rhymney","Merthyr Tydfil and Rhymney",NA,"W07000071"
394,51.496172461277,43.5364257192372,51.650348889339,60.2126493975713,"Middlesbrough Boro Const","Middlesbrough","Middlesbrough",NA,"E14000819"
395,54.1959248049975,47.0803561227725,54.2060234235672,61.5344833854761,"Middlesbrough South and East Cleveland Co Const","Middlesbrough South and East Cleveland","Middlesbrough South and East Cleveland",NA,"E14000820"
396,43.0925970748386,35.9608769812373,43.0660634515696,51.0287507786057,"Midlothian Co Const",NA,"Midlothian","Midlothian","S14000045"
397,50.8111436690315,43.7765397419301,50.7604659601707,58.7632297081538,"Milton Keynes North Co Const","Milton Keynes North","Milton Keynes North",NA,"E14000821"
398,47.1088288487727,39.6520632425099,47.2357188991915,54.3868065760649,"Milton Keynes South Boro Const","Milton Keynes South","Milton Keynes South",NA,"E14000822"
399,41.4604433206331,33.5774371596827,41.7161660023293,48.7281348396629,"Mitcham and Morden Boro Const","Mitcham and Morden","Mitcham and Morden",NA,"E14000823"
400,47.0119764302405,40.0413417042541,47.1741253841344,53.7078763956809,"Mole Valley Co Const","Mole Valley","Mole Valley",NA,"E14000824"
401,49.1481842958896,42.1386644057821,49.2374932644193,56.499217199124,"Monmouth Co Const","Monmouth","Monmouth",NA,"W07000054"
402,51.017486866398,42.6642314412493,51.2476396069135,58.9515526262402,"Montgomeryshire Co Const","Montgomeryshire","Montgomeryshire",NA,"W07000063"
403,47.0427817980204,39.0172876204673,47.0950674262613,55.713915334148,"Moray Co Const",NA,"Moray","Moray","S14000046"
404,51.9256883244708,44.5060465540322,51.7975963849444,60.1711478106255,"Morecambe and Lunesdale Co Const","Morecambe and Lunesdale","Morecambe and Lunesdale",NA,"E14000825"
405,57.0037898176536,50.3206968313544,56.9698140709926,63.8397390892804,"Morley and Outwood Co Const","Morley and Outwood","Morley and Outwood",NA,"E14000826"
406,42.8421675779128,34.6149555761909,42.9720909049703,51.6781623182134,"Motherwell and Wishaw Burgh Const",NA,"Motherwell and Wishaw","Motherwell and Wishaw","S14000047"
407,48.0784551213353,35.0505140473076,48.3877972884688,60.6585223894404,"Na h-Eileanan an Iar Co Const",NA,"Na h-Eileanan an Iar","Na h-Eileanan an Iar","S14000027"
408,49.4056663749192,41.1887040444692,49.6274644194634,56.7229125803017,"Neath Co Const","Neath","Neath",NA,"W07000069"
409,53.3626044885977,45.9062167501372,53.5837195878792,59.7403203943308,"New Forest East Co Const","New Forest East","New Forest East",NA,"E14000827"
410,56.0372891645113,47.431228152861,56.1591210065803,63.5297894781321,"New Forest West Co Const","New Forest West","New Forest West",NA,"E14000828"
411,53.3709630685915,46.3900082740753,53.4934509192226,59.9356982560594,"Newark Co Const","Newark","Newark",NA,"E14000829"
412,48.2358184306832,40.4790020734696,48.4547506691644,55.5373735963701,"Newbury Co Const","Newbury","Newbury",NA,"E14000830"
413,48.2559131315094,40.5595078850534,48.453234881123,55.8643747289369,"Newcastle-under-Lyme Boro Const","Newcastle-under-Lyme","Newcastle-under-Lyme",NA,"E14000834"
414,42.6439658994402,34.3580822639363,42.8316048185319,50.7992369238793,"Newcastle upon Tyne Central Boro Const","Newcastle upon Tyne Central","Newcastle upon Tyne Central",NA,"E14000831"
415,35.96105208248,28.8760237789353,35.9883954837872,43.966513979793,"Newcastle upon Tyne East Boro Const","Newcastle upon Tyne East","Newcastle upon Tyne East",NA,"E14000832"
416,48.8623209979177,41.4908912949605,48.7986105014395,56.5536012950175,"Newcastle upon Tyne North Boro Const","Newcastle upon Tyne North","Newcastle upon Tyne North",NA,"E14000833"
417,48.9793080500863,41.4579242316493,49.0001490268486,56.2029859903535,"Newport East Co Const","Newport East","Newport East",NA,"W07000055"
418,48.4745782088133,40.8346068329609,48.5906708876794,55.6793325549413,"Newport West Co Const","Newport West","Newport West",NA,"W07000056"
420,55.3395433440906,46.6418226381163,55.506705012521,62.80600465087,"Newton Abbot Co Const","Newton Abbot","Newton Abbot",NA,"E14000835"
421,59.7072308412871,52.6394545959267,59.4741718206455,67.277969926134,"Mid Norfolk Co Const","Mid Norfolk","Mid Norfolk",NA,"E14000816"
422,54.7238827131058,46.2141688101624,54.7235708968643,63.4490506494372,"North Norfolk Co Const","North Norfolk","North Norfolk",NA,"E14000848"
423,60.7488555718425,54.1655119395365,60.6821509849669,67.6991653661359,"North West Norfolk Co Const","North West Norfolk","North West Norfolk",NA,"E14000859"
424,52.6539649832465,45.3079351124161,52.883656043586,59.1512723592579,"South Norfolk Co Const","South Norfolk","South Norfolk",NA,"E14000941"
425,58.1157901859722,50.9463679293879,58.0591543485226,64.7036294010254,"South West Norfolk Co Const","South West Norfolk","South West Norfolk",NA,"E14000952"
426,53.652593720843,46.1523464337301,53.8929152350637,60.4588155015546,"Normanton, Pontefract and Castleford Co Const","Normanton, Pontefract and Castleford","Normanton, Pontefract and Castleford",NA,"E14000836"
427,48.2914241220917,39.6129105338593,48.5047325036819,56.1113192714012,"Northampton North Boro Const","Northampton North","Northampton North",NA,"E14000861"
428,50.4977308141617,42.7004415862185,50.5078871143167,57.9883589242392,"Northampton South Boro Const","Northampton South","Northampton South",NA,"E14000862"
429,52.0713627240627,44.8601765820708,52.1184724726925,58.9317256823955,"South Northamptonshire Co Const","South Northamptonshire","South Northamptonshire",NA,"E14000942"
430,49.7475357026384,41.8325469633809,49.9347402032888,56.8096144020829,"Norwich North Boro Const","Norwich North","Norwich North",NA,"E14000863"
431,38.9053517492408,31.7009894242407,38.8503690125089,46.967374977305,"Norwich South Boro Const","Norwich South","Norwich South",NA,"E14000864"
432,35.4606058188036,28.4053294606389,35.6003595343238,43.3893513545281,"Nottingham East Boro Const","Nottingham East","Nottingham East",NA,"E14000865"
433,50.6785369536205,42.6697882110152,50.6449406710891,59.0149835478732,"Nottingham North Boro Const","Nottingham North","Nottingham North",NA,"E14000866"
434,36.2893199516892,28.8296150779779,36.3969446386542,44.7094792797646,"Nottingham South Boro Const","Nottingham South","Nottingham South",NA,"E14000867"
435,54.8833615528546,47.6232311501357,54.9108236152579,62.2343805681377,"Nuneaton Co Const","Nuneaton","Nuneaton",NA,"E14000868"
436,39.6704106322533,32.3006724746206,39.9579717350326,47.1762130206037,"Ochil and South Perthshire Co Const",NA,"Ochil and South Perthshire","Ochil and South Perthshire","S14000050"
437,50.174245704222,42.4124862414468,50.2141323256165,57.6425528527931,"Ogmore Co Const","Ogmore","Ogmore",NA,"W07000074"
438,60.3949596483621,53.2979759220826,60.3095176689701,67.0673261912631,"Old Bexley and Sidcup Boro Const","Old Bexley and Sidcup","Old Bexley and Sidcup",NA,"E14000869"
439,54.0017629421498,46.7638624315297,53.9657914597675,60.9512207447804,"Oldham East and Saddleworth Co Const","Oldham East and Saddleworth","Oldham East and Saddleworth",NA,"E14000870"
440,56.1836693953783,48.4543816284261,56.2955085757116,63.8071480026656,"Oldham West and Royton Boro Const","Oldham West and Royton","Oldham West and Royton",NA,"E14000871"
441,38.1087888823484,27.3333185416566,38.4853435751527,49.3540949227413,"Orkney and Shetland Co Const",NA,"Orkney and Shetland","Orkney and Shetland","S14000051"
442,57.1482836642611,49.6954966381737,57.1595705637259,64.0941502850324,"Orpington Boro Const","Orpington","Orpington",NA,"E14000872"
443,30.10361220617,23.7135995829454,30.0137595643519,38.8321807393393,"Oxford East Boro Const","Oxford East","Oxford East",NA,"E14000873"
444,36.7241362886265,29.334846984033,36.9434485456074,43.8482396918567,"Oxford West and Abingdon Co Const","Oxford West and Abingdon","Oxford West and Abingdon",NA,"E14000874"
445,38.9581460849371,31.7213568554609,39.1461419687741,45.954566069334,"Paisley and Renfrewshire North Co Const",NA,"Paisley and Renfrewshire North","Paisley and Renfrewshire North","S14000052"
446,41.7212838017434,34.4116783985111,41.6014768578728,49.4987083442258,"Paisley and Renfrewshire South Co Const",NA,"Paisley and Renfrewshire South","Paisley and Renfrewshire South","S14000053"
447,54.4954156116877,47.1444247290332,54.4290570607865,62.3101782065824,"Pendle Boro Const","Pendle","Pendle",NA,"E14000875"
448,54.1543599961132,47.320604440095,53.9958235408326,61.5733098018537,"Penistone and Stocksbridge Co Const","Penistone and Stocksbridge","Penistone and Stocksbridge",NA,"E14000876"
449,49.9333911233126,41.5836433668537,50.12022084262,57.1949440418259,"Penrith and The Border Co Const","Penrith and The Border","Penrith and The Border",NA,"E14000877"
450,46.4224390177645,38.8243151728185,46.3863360440055,54.4707144213476,"Perth and North Perthshire Co Const",NA,"Perth and North Perthshire","Perth and North Perthshire","S14000054"
451,55.6106704666897,47.2361650648148,55.4008960303314,63.7004087527832,"Peterborough Boro Const","Peterborough","Peterborough",NA,"E14000878"
452,61.8118735421301,53.8828769413155,61.6869037107072,70.6168813841222,"Plymouth, Moor View Boro Const","Plymouth, Moor View","Plymouth, Moor View",NA,"E14000879"
453,49.0935580895291,39.8535369422445,49.1549672935321,58.485030279608,"Plymouth, Sutton and Devonport Boro Const","Plymouth, Sutton and Devonport","Plymouth, Sutton and Devonport",NA,"E14000880"
454,42.9474097217132,36.150980391251,43.1186360375599,49.7215323299066,"Pontypridd Co Const","Pontypridd","Pontypridd",NA,"W07000075"
455,54.5987098200373,46.8607424962686,54.5842598598291,62.5307337390694,"Poole Boro Const","Poole","Poole",NA,"E14000881"
456,40.6271298074761,31.1472194820303,40.6322946390618,50.3904240623022,"Poplar and Limehouse Boro Const","Poplar and Limehouse","Poplar and Limehouse",NA,"E14000882"
457,56.4395946145996,49.0720660890714,56.4062320032018,63.7314463866973,"Portsmouth North Boro Const","Portsmouth North","Portsmouth North",NA,"E14000883"
458,38.0338966644643,29.9469897274414,38.1966717539925,45.9061268372802,"Portsmouth South Boro Const","Portsmouth South","Portsmouth South",NA,"E14000884"
459,48.8431796218318,40.3961468678259,49.127002906868,56.4691709519132,"Preseli Pembrokeshire Co Const","Preseli Pembrokeshire","Preseli Pembrokeshire",NA,"W07000065"
460,46.6913635640222,39.1668171588959,46.5878250081872,54.8323500119733,"Preston Boro Const","Preston","Preston",NA,"E14000885"
461,51.2219904919435,44.4974526020255,51.0011755127054,58.326138762387,"Pudsey Boro Const","Pudsey","Pudsey",NA,"E14000886"
462,30.7132759466366,24.0954894705184,30.8238417778636,38.1325355238848,"Putney Boro Const","Putney","Putney",NA,"E14000887"
463,62.5548700043906,54.7249917061706,62.5247530671946,69.8580482787529,"Rayleigh and Wickford Co Const","Rayleigh and Wickford","Rayleigh and Wickford",NA,"E14000888"
464,36.3341800742836,29.964112416729,36.1774235031759,44.0699917725344,"Reading East Boro Const","Reading East","Reading East",NA,"E14000889"
465,48.4317251589997,41.1312945133041,48.570887255589,55.850910549471,"Reading West Co Const","Reading West","Reading West",NA,"E14000890"
466,56.222018319115,48.4865759696896,56.0677218297156,64.222838683103,"Redcar Boro Const","Redcar","Redcar",NA,"E14000891"
467,54.1426935230461,46.9098937799697,54.2127369166453,61.3443165407557,"Redditch Co Const","Redditch","Redditch",NA,"E14000892"
468,51.6987661487156,45.4352140799498,51.5433096652438,59.2107733141872,"Reigate Boro Const","Reigate","Reigate",NA,"E14000893"
469,38.5541514512758,31.2240351793459,38.5183901918645,46.7997545729144,"East Renfrewshire Co Const",NA,"East Renfrewshire","East Renfrewshire","S14000021"
470,49.6336928363735,40.6682151226878,49.8636144866504,58.643856211775,"Rhondda Co Const","Rhondda","Rhondda",NA,"W07000052"
471,55.2203914725409,48.5529020529273,55.2354962650359,62.358407811307,"Ribble Valley Co Const","Ribble Valley","Ribble Valley",NA,"E14000894"
472,53.9388185135886,45.6218981776207,54.1529289183509,61.7253399153192,"Richmond (Yorks) Co Const","Richmond (Yorks)","Richmond (Yorks)",NA,"E14000895"
473,30.6361907462334,24.3185822933503,30.8015666571463,37.3803942802243,"Richmond Park Boro Const","Richmond Park","Richmond Park",NA,"E14000896"
474,53.3002936648012,45.5465687593633,53.1649458088243,61.4368778306101,"Rochdale Co Const","Rochdale","Rochdale",NA,"E14000897"
475,55.9391803948241,48.0129379070163,56.2307350233959,62.9761658887922,"Rochester and Strood Co Const","Rochester and Strood","Rochester and Strood",NA,"E14000898"
476,60.2937844034108,52.3321985518632,60.3362013576783,68.2746027093255,"Rochford and Southend East Co Const","Rochford and Southend East","Rochford and Southend East",NA,"E14000899"
477,59.4188155310416,51.4234356263864,59.5648185945679,66.3592662508657,"Romford Boro Const","Romford","Romford",NA,"E14000900"
478,44.9890491337634,37.5005044324943,44.8543749455641,53.3373039570064,"Romsey and Southampton North Co Const","Romsey and Southampton North","Romsey and Southampton North",NA,"E14000901"
479,40.5166844338998,32.6140053013943,40.5905627962363,48.6267055317888,"Ross, Skye and Lochaber Co Const",NA,"Ross, Skye and Lochaber","Ross Skye and Lochaber","S14000055"
480,53.7384505470023,46.4174475653664,53.600545208662,61.0837409878181,"Rossendale and Darwen Boro Const","Rossendale and Darwen","Rossendale and Darwen",NA,"E14000902"
481,53.6849787572401,46.8609713988366,53.6425979058194,60.1184395594364,"Rother Valley Co Const","Rother Valley","Rother Valley",NA,"E14000903"
482,50.8127051956786,41.9883929539466,50.965404952411,58.6494710314792,"Rotherham Boro Const","Rotherham","Rotherham",NA,"E14000904"
483,51.7062705096638,44.753828597766,51.7578100424053,58.5936932449726,"Rugby Co Const","Rugby","Rugby",NA,"E14000905"
484,48.4816588904479,41.0384688014966,48.4494807984968,56.0296486197384,"Ruislip, Northwood and Pinner Boro Const","Ruislip, Northwood and Pinner","Ruislip, Northwood and Pinner",NA,"E14000906"
485,48.6819030831712,41.9290309416401,48.4891493012851,56.4824041080925,"Runnymede and Weybridge Co Const","Runnymede and Weybridge","Runnymede and Weybridge",NA,"E14000907"
486,44.68364313208,38.1550533649832,44.6277567179556,51.781659678721,"Rushcliffe Co Const","Rushcliffe","Rushcliffe",NA,"E14000908"
487,38.3940008640924,30.8495532900561,38.6588010486952,45.9398061294632,"Rutherglen and Hamilton West Burgh Const",NA,"Rutherglen and Hamilton West","Rutherglen and Hamilton West","S14000056"
488,53.4313994747819,46.6910999274893,53.3548536856306,60.0116800860501,"Rutland and Melton Co Const","Rutland and Melton","Rutland and Melton",NA,"E14000909"
489,51.0863939137522,42.9771938464479,51.2434648271006,57.7601573496118,"Saffron Walden Co Const","Saffron Walden","Saffron Walden",NA,"E14000910"
490,41.0109308606905,34.4643871197596,41.1173035757572,47.6442517438045,"St. Albans Co Const","St Albans","St Albans",NA,"E14000960"
491,58.8574388411005,51.0921170858349,58.9182686368534,66.2603153474913,"St. Austell and Newquay Co Const","St Austell and Newquay","St Austell and Newquay",NA,"E14000961"
492,49.0916201418675,41.0609105327717,49.5165906927032,55.8406201913474,"St. Helens North Boro Const","St Helens North","St Helens North",NA,"E14000962"
493,48.623363015159,40.6061918297731,48.7603556157054,55.9091579075757,"St. Helens South and Whiston Boro Const","St Helens South and Whiston","St Helens South and Whiston",NA,"E14000963"
494,59.7431309862388,50.118752669843,59.4381565261616,71.6424607754827,"St. Ives Co Const","St Ives","St Ives",NA,"E14000964"
495,46.7292467169967,38.890632543869,46.8996627796205,54.4505039887424,"Salford and Eccles Boro Const","Salford and Eccles","Salford and Eccles",NA,"E14000911"
496,48.9377133085014,41.04270194962,49.1499100571951,56.2917990733563,"Salisbury Co Const","Salisbury","Salisbury",NA,"E14000912"
497,52.4672095741768,44.7639499585781,52.5942843820334,59.5876532260887,"Scarborough and Whitby Co Const","Scarborough and Whitby","Scarborough and Whitby",NA,"E14000913"
498,54.2109770257407,45.507617838772,54.3517761049847,61.7400721035556,"Scunthorpe Co Const","Scunthorpe","Scunthorpe",NA,"E14000914"
499,51.0596291772521,43.7553432373463,51.097337035925,58.5088586461623,"Sedgefield Co Const","Sedgefield","Sedgefield",NA,"E14000915"
500,52.8817989785655,45.1956284705149,52.8007635097882,61.5201962914705,"Sefton Central Co Const","Sefton Central","Sefton Central",NA,"E14000916"
501,48.9254648776493,41.1167944170086,49.0918102583484,55.8926100413405,"Selby and Ainsty Co Const","Selby and Ainsty","Selby and Ainsty",NA,"E14000917"
502,52.2110124571645,44.8786027096354,52.2702055790832,59.4487248886843,"Sevenoaks Co Const","Sevenoaks","Sevenoaks",NA,"E14000918"
503,52.6647282264014,45.4053788070369,52.6115281725375,60.4078423227081,"Sheffield, Brightside and Hillsborough Boro Const","Sheffield, Brightside and Hillsborough","Sheffield, Brightside and Hillsborough",NA,"E14000921"
504,26.0827944905564,19.7460654261824,26.3134680952261,33.4286934312889,"Sheffield Central Boro Const","Sheffield Central","Sheffield Central",NA,"E14000919"
505,33.6928707607679,26.6205171749264,33.7447368275717,41.400002084295,"Sheffield, Hallam Co Const","Sheffield, Hallam","Sheffield, Hallam",NA,"E14000922"
506,47.2697604982557,40.0665023636406,47.3692106831464,54.3079416136265,"Sheffield, Heeley Boro Const","Sheffield, Heeley","Sheffield, Heeley",NA,"E14000923"
507,51.6016271401631,44.3708144475782,51.5195586700751,58.8862057580094,"Sheffield South East Boro Const","Sheffield South East","Sheffield South East",NA,"E14000920"
508,55.8221567462623,48.2381474070821,55.7837416770343,63.0987750640851,"Sherwood Co Const","Sherwood","Sherwood",NA,"E14000924"
509,50.6025066018948,43.1554976956315,50.8281652795261,57.7064477561345,"Shipley Co Const","Shipley","Shipley",NA,"E14000925"
510,47.7792451283289,40.2097744390326,48.0673493570691,54.7064081845401,"Shrewsbury and Atcham Co Const","Shrewsbury and Atcham","Shrewsbury and Atcham",NA,"E14000926"
511,57.0793973449463,50.3175069028668,56.8522499746966,64.7385021561065,"North Shropshire Co Const","North Shropshire","North Shropshire",NA,"E14000849"
512,60.9983492551799,53.2069099585307,61.0419731482541,68.4747314338592,"Sittingbourne and Sheppey Co Const","Sittingbourne and Sheppey","Sittingbourne and Sheppey",NA,"E14000927"
513,48.709559553964,41.4696058075239,48.8295402838776,55.9949116422338,"Skipton and Ripon Co Const","Skipton and Ripon","Skipton and Ripon",NA,"E14000928"
514,58.6679245716719,51.7261848936574,58.5785771352171,65.7542536262055,"Sleaford and North Hykeham Co Const","Sleaford and North Hykeham","Sleaford and North Hykeham",NA,"E14000929"
515,46.7668349753121,38.2197266062818,46.6623958983792,55.9934181636548,"Slough Boro Const","Slough","Slough",NA,"E14000930"
516,52.4412010861324,44.4014383481314,52.2263785945284,60.7435900657419,"Solihull Boro Const","Solihull","Solihull",NA,"E14000931"
517,47.9846490244926,39.9936676755586,48.1501471672618,55.2646912948707,"North Somerset Co Const","North Somerset","North Somerset",NA,"E14000850"
518,48.5313250749739,41.4754521800658,48.3876648903419,55.9822034213845,"North East Somerset Co Const","North East Somerset","North East Somerset",NA,"E14000846"
519,51.0387310752257,44.0236683189999,50.9544262613282,59.0220081279851,"Somerton and Frome Co Const","Somerton and Frome","Somerton and Frome",NA,"E14000932"
520,63.1068812132034,55.9970862581487,63.1314665989106,69.4869673945298,"South Holland and The Deepings Co Const","South Holland and The Deepings","South Holland and The Deepings",NA,"E14000939"
521,52.2862436045958,44.6159959138576,52.4830483520313,59.4302022149011,"South Ribble Co Const","South Ribble","South Ribble",NA,"E14000943"
522,54.6781899826184,45.9340149511833,54.6862450725343,63.1891259001313,"South Shields Boro Const","South Shields","South Shields",NA,"E14000944"
523,49.2154096220115,41.1972312655929,49.1920479414122,57.5013094080424,"Southampton, Itchen Boro Const","Southampton, Itchen","Southampton, Itchen",NA,"E14000955"
524,39.6952177297837,32.3703897126693,39.5133797797497,48.3681078913165,"Southampton, Test Boro Const","Southampton, Test","Southampton, Test",NA,"E14000956"
525,56.5488975930794,48.274790362909,56.7254281136533,63.9178160311338,"Southend West Boro Const","Southend West","Southend West",NA,"E14000957"
526,51.1883519719659,43.0065972294984,51.3446897431008,58.9534141585972,"Southport Boro Const","Southport","Southport",NA,"E14000958"
527,56.9934748696181,50.137308529668,56.8737182169556,64.5469632964613,"Spelthorne Boro Const","Spelthorne","Spelthorne",NA,"E14000959"
528,52.4582905512586,45.6043499885291,52.2478482821431,59.951920416348,"Stafford Co Const","Stafford","Stafford",NA,"E14000965"
529,54.1234750105581,45.924926115573,54.4352205918188,61.4377360337616,"Staffordshire Moorlands Co Const","Staffordshire Moorlands","Staffordshire Moorlands",NA,"E14000966"
530,59.7950966526636,52.6777399454957,59.8629376747023,66.3084752880173,"South Staffordshire Co Const","South Staffordshire","South Staffordshire",NA,"E14000945"
531,51.031353665042,43.4189077200729,51.1282173524498,58.0428099743359,"Stalybridge and Hyde Co Const","Stalybridge and Hyde","Stalybridge and Hyde",NA,"E14000967"
532,55.6643658977577,48.3932954245412,55.4859835254612,63.4649072317235,"Stevenage Co Const","Stevenage","Stevenage",NA,"E14000968"
533,35.4148100478246,28.160261512148,35.7202345883536,41.8323327753226,"Stirling Co Const",NA,"Stirling","Stirling","S14000057"
534,46.0623913666012,38.3646146693588,46.0960290043329,53.7503426063882,"Stockport Boro Const","Stockport","Stockport",NA,"E14000969"
535,56.3951754286795,48.630682718563,56.1234438346585,64.4001036052298,"Stockton North Boro Const","Stockton North","Stockton North",NA,"E14000970"
536,53.6597820220943,46.479169859107,53.5508414865303,61.463477601868,"Stockton South Boro Const","Stockton South","Stockton South",NA,"E14000971"
537,47.4828945828887,39.4990544569668,47.4918545833144,55.6638807586981,"Stoke-on-Trent Central Boro Const","Stoke-on-Trent Central","Stoke-on-Trent Central",NA,"E14000972"
538,52.3843335520432,43.2669599649938,52.7412740180001,59.7165113911255,"Stoke-on-Trent North Boro Const","Stoke-on-Trent North","Stoke-on-Trent North",NA,"E14000973"
539,55.2459527009223,47.408627953603,55.1618537763816,63.428606820532,"Stoke-on-Trent South Boro Const","Stoke-on-Trent South","Stoke-on-Trent South",NA,"E14000974"
540,55.7182305716793,48.8517872364722,55.5327400668938,63.1008153335594,"Stone Co Const","Stone","Stone",NA,"E14000975"
541,55.1932364093351,47.4185328531115,55.2330578416993,62.4605995341492,"Stourbridge Boro Const","Stourbridge","Stourbridge",NA,"E14000976"
543,51.9932821320688,44.8457560866629,52.024086739097,59.0641848084338,"Stratford-on-Avon Co Const","Stratford-on-Avon","Stratford-on-Avon",NA,"E14000977"
544,25.1516727867237,19.5385610830414,25.1985891635636,31.8011189588963,"Streatham Boro Const","Streatham","Streatham",NA,"E14000978"
545,49.9263049437943,41.953825467124,50.086066785816,57.5921188196886,"Stretford and Urmston Boro Const","Stretford and Urmston","Stretford and Urmston",NA,"E14000979"
546,42.9545116933409,34.545979274438,43.2329286691859,50.2180581314074,"Stroud Co Const","Stroud","Stroud",NA,"E14000980"
547,53.348005669955,45.9277228729331,53.4403719198178,60.4007705823648,"Central Suffolk and North Ipswich Co Const","Central Suffolk and North Ipswich","Central Suffolk and North Ipswich",NA,"E14000624"
548,56.2705315769002,48.4904310812346,56.0169712156457,63.8120068258351,"Suffolk Coastal Co Const","Suffolk Coastal","Suffolk Coastal",NA,"E14000981"
549,51.9824543757875,44.0912054404659,52.1951547107741,58.6632202471788,"South Suffolk Co Const","South Suffolk","South Suffolk",NA,"E14000946"
550,53.1406843062193,45.2380657274414,53.276236185537,60.166933379283,"West Suffolk Co Const","West Suffolk","West Suffolk",NA,"E14001034"
551,45.8569016545861,37.7496952074026,46.0261498281359,52.9631407193513,"Sunderland Central Boro Const","Sunderland Central","Sunderland Central",NA,"E14000982"
552,52.1244621888121,45.3765385873197,52.2316759185093,58.5787372529995,"East Surrey Co Const","East Surrey","East Surrey",NA,"E14000681"
553,50.9636100521309,43.9699759065998,50.9196913718329,58.1801329760026,"Surrey Heath Co Const","Surrey Heath","Surrey Heath",NA,"E14000983"
554,47.5481236751248,40.6736897341709,47.4260045014602,55.2710786721439,"South West Surrey Co Const","South West Surrey","South West Surrey",NA,"E14000953"
555,50.3999797040155,44.0458267218699,50.4063025917719,57.5728948537053,"Mid Sussex Co Const","Mid Sussex","Mid Sussex",NA,"E14000817"
556,49.9562844505378,42.0392568226953,50.08154238035,57.4449213730057,"Sutton and Cheam Boro Const","Sutton and Cheam","Sutton and Cheam",NA,"E14000984"
557,55.0911826317149,48.0662047285909,54.9341582352205,63.0597010273132,"Sutton Coldfield Boro Const","Sutton Coldfield","Sutton Coldfield",NA,"E14000985"
558,49.514069862784,41.4319912167249,49.4852957198662,57.6537203603335,"Swansea East Boro Const","Swansea East","Swansea East",NA,"W07000048"
559,38.1692395596121,29.8046073298163,38.4876735607176,46.1850938859713,"Swansea West Boro Const","Swansea West","Swansea West",NA,"W07000047"
560,53.5328185902957,45.5028388462101,53.5423052587622,61.1024427198794,"North Swindon Co Const","North Swindon","North Swindon",NA,"E14000851"
561,47.1598488875831,39.7101297915273,47.2772073236526,54.2741304755168,"South Swindon Co Const","South Swindon","South Swindon",NA,"E14000947"
562,55.5080990138404,48.3016764631892,55.4539840745854,62.8250548538616,"Tamworth Co Const","Tamworth","Tamworth",NA,"E14000986"
563,48.950644654323,41.7048173299929,48.9794935613695,55.5521627009212,"Tatton Co Const","Tatton","Tatton",NA,"E14000987"
564,51.9415679704141,44.6129929965166,51.9870183306206,59.7308021672451,"Taunton Deane Co Const","Taunton Deane","Taunton Deane",NA,"E14000988"
565,54.0198403858156,46.1738497049882,53.9920570256301,61.828763577489,"Telford Boro Const","Telford","Telford",NA,"E14000989"
566,52.3870234106334,45.7121713104955,52.4404517466554,59.6812983868852,"Tewkesbury Co Const","Tewkesbury","Tewkesbury",NA,"E14000990"
567,56.8715768598745,48.4139442141945,57.1188658583514,64.0529128085213,"North Thanet Co Const","North Thanet","North Thanet",NA,"E14000852"
568,56.1524776079968,48.4492622025223,56.1886159452166,64.5487050927936,"South Thanet Co Const","South Thanet","South Thanet",NA,"E14000948"
569,52.514651998705,44.9309015240695,52.7575209690772,59.2184384991757,"Thirsk and Malton Co Const","Thirsk and Malton","Thirsk and Malton",NA,"E14000993"
570,48.1006168757543,40.9568750070443,48.1241299982344,55.8885997197476,"Thornbury and Yate Co Const","Thornbury and Yate","Thornbury and Yate",NA,"E14000994"
571,60.6275305926497,52.8494623147098,60.6592954680546,67.5130301801038,"Thurrock Boro Const","Thurrock","Thurrock",NA,"E14000995"
572,57.4360097412537,50.2141005979347,57.2681397842602,64.7783369300147,"Tiverton and Honiton Co Const","Tiverton and Honiton","Tiverton and Honiton",NA,"E14000996"
573,50.5368075238575,43.1366901285981,50.6406502492457,57.8704368538596,"Tonbridge and Malling Co Const","Tonbridge and Malling","Tonbridge and Malling",NA,"E14000997"
574,29.0067768458408,23.1547286306673,28.9174511614929,36.004012245079,"Tooting Boro Const","Tooting","Tooting",NA,"E14000998"
575,57.8573196630895,49.3632005023248,57.8647943184847,65.3266719367244,"Torbay Boro Const","Torbay","Torbay",NA,"E14000999"
576,51.0596218286756,43.3492351217544,50.919259757126,59.2293154891816,"Torfaen Co Const","Torfaen","Torfaen",NA,"W07000053"
577,55.9039231673167,48.3123158061641,55.7936796546555,63.2817823638562,"Totnes Co Const","Totnes","Totnes",NA,"E14001001"
578,28.0344782428098,21.4106944779195,28.1936174910509,35.8582444620932,"Tottenham Boro Const","Tottenham","Tottenham",NA,"E14001002"
579,53.6207163737549,45.3297903984943,53.3871691997563,62.486809341308,"Truro and Falmouth Co Const","Truro and Falmouth","Truro and Falmouth",NA,"E14001003"
580,47.3321486488868,39.7589255080161,47.5541447563101,54.6006048844239,"Tunbridge Wells Co Const","Tunbridge Wells","Tunbridge Wells",NA,"E14001004"
581,36.1698081937771,29.9252583142489,36.1118864899693,43.5499465723127,"Twickenham Boro Const","Twickenham","Twickenham",NA,"E14001005"
582,52.6491582709638,44.8460052683389,52.5825930501387,61.1733078858509,"Tynemouth Boro Const","Tynemouth","Tynemouth",NA,"E14001006"
583,53.1567623159128,45.0805479067317,53.0376561088164,61.6861295242614,"North Tyneside Boro Const","North Tyneside","North Tyneside",NA,"E14000853"
587,52.7267606458855,45.3750423047381,52.7541717832745,59.9254097474161,"Uxbridge and South Ruislip Boro Const","Uxbridge and South Ruislip","Uxbridge and South Ruislip",NA,"E14001007"
588,52.3623448299733,44.2181139333162,52.2520186980145,60.3516532371265,"Vale of Clwyd Co Const","Vale of Clwyd","Vale of Clwyd",NA,"W07000060"
589,49.8198399802369,41.0955581539019,50.099555173785,57.5147155951142,"Vale of Glamorgan Co Const","Vale of Glamorgan","Vale of Glamorgan",NA,"W07000078"
590,25.609956611268,19.647050862635,25.618534333862,32.8858576182699,"Vauxhall Boro Const","Vauxhall","Vauxhall",NA,"E14001008"
591,51.695125609321,44.4194751393373,51.7781450242037,58.7151348182116,"Wakefield Co Const","Wakefield","Wakefield",NA,"E14001009"
592,46.991619405072,39.0366624796521,47.1535563575299,54.2042246229094,"Wallasey Boro Const","Wallasey","Wallasey",NA,"E14001010"
593,58.5944704434721,50.7536639340327,58.6250836926025,65.7431592545988,"Walsall North Boro Const","Walsall North","Walsall North",NA,"E14001011"
594,56.1420490185649,48.6097402383348,55.982025019612,64.0892464604884,"Walsall South Boro Const","Walsall South","Walsall South",NA,"E14001012"
595,37.4352236281871,30.7718548250303,37.5450569712651,44.3858638236526,"Walthamstow Boro Const","Walthamstow","Walthamstow",NA,"E14001013"
596,47.3554387114268,38.7961466180488,47.5031461823657,54.7667979972865,"Wansbeck Co Const","Wansbeck","Wansbeck",NA,"E14001014"
597,45.9451168758696,39.4014168445819,45.8627015142397,53.0677794577705,"Wantage Co Const","Wantage","Wantage",NA,"E14001015"
598,54.4501317232502,46.7872658173282,54.4346845056012,62.032083511417,"Warley Boro Const","Warley","Warley",NA,"E14001016"
599,51.3471489731757,44.6319952857782,51.4743006278989,58.4820835422884,"Warrington North Boro Const","Warrington North","Warrington North",NA,"E14001017"
600,45.5434136745091,38.4899904156266,45.5247328091166,52.6947440965275,"Warrington South Boro Const","Warrington South","Warrington South",NA,"E14001018"
601,43.996254801647,36.1983266815009,44.0961602825619,51.4557462747146,"Warwick and Leamington Boro Const","Warwick and Leamington","Warwick and Leamington",NA,"E14001019"
602,56.0702367774399,48.9961357269727,56.1604019321473,63.7460921597575,"North Warwickshire Co Const","North Warwickshire","North Warwickshire",NA,"E14000854"
603,51.6438732199502,43.1736944164127,51.803872165604,59.5798469060692,"Washington and Sunderland West Boro Const","Washington and Sunderland West","Washington and Sunderland West",NA,"E14001020"
604,48.1484317299583,40.8593874021812,47.9383254873316,56.1218715683215,"Watford Boro Const","Watford","Watford",NA,"E14001021"
605,56.8408458601683,49.1868923018777,56.8599143481857,64.1679373439389,"Waveney Co Const","Waveney","Waveney",NA,"E14001022"
606,50.9226358506876,43.9709906288621,50.984244041968,58.0060509345011,"Wealden Co Const","Wealden","Wealden",NA,"E14001023"
607,46.1771573649645,38.4678037141165,46.4282834983136,53.0389363044504,"Weaver Vale Co Const","Weaver Vale","Weaver Vale",NA,"E14001024"
608,55.3091112689262,48.1930172570759,55.295432913933,62.1965476791934,"Wellingborough Co Const","Wellingborough","Wellingborough",NA,"E14001025"
609,52.5991694604433,45.6390535467261,52.3997012876374,59.7264533134792,"Wells Co Const","Wells","Wells",NA,"E14001026"
610,49.5300663198412,42.3078972088346,49.5098692497603,56.8267349496291,"Welwyn Hatfield Co Const","Welwyn Hatfield","Welwyn Hatfield",NA,"E14001027"
611,54.1889274752579,46.0643663937616,54.2809420313605,61.1044314893251,"Wentworth and Dearne Co Const","Wentworth and Dearne","Wentworth and Dearne",NA,"E14001028"
612,57.1271184884825,49.1314790814148,57.1757243762341,64.3530334526876,"West Bromwich East Boro Const","West Bromwich East","West Bromwich East",NA,"E14001029"
613,58.3912220757511,50.6041178281205,58.4015601212355,66.0552777194312,"West Bromwich West Boro Const","West Bromwich West","West Bromwich West",NA,"E14001030"
614,35.4321595276563,27.6430445879692,35.7085356959585,43.4894532839564,"West Ham Boro Const","West Ham","West Ham",NA,"E14001032"
615,30.9979788389238,24.3162372674143,30.9143521138205,39.1022594784357,"Westminster North Boro Const","Westminster North","Westminster North",NA,"E14001036"
616,44.6513292672354,36.826815220029,44.6789469267169,52.8174559336551,"Westmorland and Lonsdale Co Const","Westmorland and Lonsdale","Westmorland and Lonsdale",NA,"E14001037"
617,54.0604394753805,46.2030484940527,54.0621238548435,61.2390318113427,"Weston-Super-Mare Co Const","Weston-Super-Mare","Weston-Super-Mare",NA,"E14001038"
618,52.9868736110004,45.2429916600586,52.9104911031649,60.7547170955403,"Wigan Co Const","Wigan","Wigan",NA,"E14001039"
619,48.1219838048058,41.0419969187022,48.1848091865528,55.6594166074971,"North Wiltshire Co Const","North Wiltshire","North Wiltshire",NA,"E14000860"
620,53.0416787460146,45.5566427177076,53.0697532980616,60.1473659033906,"South West Wiltshire Co Const","South West Wiltshire","South West Wiltshire",NA,"E14000954"
621,30.7231510396685,23.8036828463835,30.9128873096166,37.3250571585302,"Wimbledon Boro Const","Wimbledon","Wimbledon",NA,"E14001040"
622,45.559468093197,39.2772202180628,45.2722711979954,53.9062211311903,"Winchester Co Const","Winchester","Winchester",NA,"E14001041"
623,49.2828725669793,41.6154644548806,49.3105026378939,56.7319508089971,"Windsor Co Const","Windsor","Windsor",NA,"E14001042"
624,45.1887769501156,37.5747432300472,45.3215856828306,53.2745908624411,"Wirral South Co Const","Wirral South","Wirral South",NA,"E14001043"
625,46.3248234290417,38.494687521107,46.330451953811,54.3915002267126,"Wirral West Co Const","Wirral West","Wirral West",NA,"E14001044"
626,58.5948877282503,51.910820337495,58.4099356911961,65.2761949987052,"Witham Co Const","Witham","Witham",NA,"E14001045"
627,51.5557469021052,44.3035977124813,51.4333667798961,58.5571932276664,"Witney Co Const","Witney","Witney",NA,"E14001046"
628,45.5182306979383,37.5576483415905,45.6683802481529,52.7800707437968,"Woking Co Const","Woking","Woking",NA,"E14001047"
629,45.4866700650425,38.5418845020966,45.5746268426854,52.1644511246146,"Wokingham Co Const","Wokingham","Wokingham",NA,"E14001048"
630,57.4697324741943,49.2199632059076,57.4915004158331,66.0508666058007,"Wolverhampton North East Boro Const","Wolverhampton North East","Wolverhampton North East",NA,"E14001049"
631,52.8223204565875,45.1971413709055,52.8529321682296,60.2702447290472,"Wolverhampton South East Boro Const","Wolverhampton South East","Wolverhampton South East",NA,"E14001050"
632,48.9137762014652,41.4825544898286,48.749811131603,57.2873291106526,"Wolverhampton South West Boro Const","Wolverhampton South West","Wolverhampton South West",NA,"E14001051"
633,49.4249934379528,41.3669033445253,49.469963502995,57.1675268870695,"Worcester Boro Const","Worcester","Worcester",NA,"E14001052"
634,53.8351716445224,45.9683265806497,53.9726022077296,60.6692364618252,"Mid Worcestershire Co Const","Mid Worcestershire","Mid Worcestershire",NA,"E14000818"
635,49.8652381518412,42.6757733009917,49.9747222996308,57.4346752033111,"West Worcestershire Co Const","West Worcestershire","West Worcestershire",NA,"E14001035"
636,50.8607230928539,42.2928143815911,50.9813728258866,58.9389415222871,"Workington Co Const","Workington","Workington",NA,"E14001053"
637,52.3583229877558,45.3410011220859,52.4585887219104,59.4029183792015,"Worsley and Eccles South Co Const","Worsley and Eccles South","Worsley and Eccles South",NA,"E14001054"
638,56.9425756484545,49.333684795914,56.9563122662403,64.3491136067777,"East Worthing and Shoreham Co Const","East Worthing and Shoreham","East Worthing and Shoreham",NA,"E14000682"
639,55.6813220068244,47.3314397792761,55.7692648452391,63.0401386261893,"Worthing West Boro Const","Worthing West","Worthing West",NA,"E14001055"
640,52.0457146220156,44.6122925340446,52.1073110512336,59.1489257247878,"The Wrekin Co Const","The Wrekin","The Wrekin",NA,"E14000992"
641,46.2352695689515,39.1478748923076,46.4440083122999,53.4337421437436,"Wrexham Co Const","Wrexham","Wrexham",NA,"W07000044"
642,47.6094501068596,40.5583268792051,47.5387307711994,55.139399442922,"Wycombe Co Const","Wycombe","Wycombe",NA,"E14001056"
643,56.4282518194722,48.7632697833344,56.2908318315648,64.2181143613997,"Wyre and Preston North Co Const","Wyre and Preston North","Wyre and Preston North",NA,"E14001057"
644,56.0530769252367,48.0545086002028,56.0160766804297,64.505517911377,"Wyre Forest Co Const","Wyre Forest","Wyre Forest",NA,"E14001058"
645,47.4084032928472,39.8691428751565,47.4486271558265,54.8788795511596,"Wythenshawe and Sale East Boro Const","Wythenshawe and Sale East","Wythenshawe and Sale East",NA,"E14001059"
646,53.0953487867154,46.08212465882,53.0688652597321,60.1233365452095,"Yeovil Co Const","Yeovil","Yeovil",NA,"E14001060"
647,53.8961252186118,43.8584641210913,54.0494550451678,63.9672476143483,"Ynys Mon Co Const","Ynys Mon","Ynys Mon",NA,"W07000041"
648,41.1892034282834,32.5775829259364,41.2338737467159,50.8760845751802,"York Central Boro Const","York Central","York Central",NA,"E14001061"
649,45.0271139478329,36.9203010532701,45.1759571915238,52.5039669554271,"York Outer Co Const","York Outer","York Outer",NA,"E14001062"
650,54.3464221681781,46.7136397665055,54.5993492469941,60.717702296223,"East Yorkshire Co Const","East Yorkshire","East Yorkshire",NA,"E14000683"
