"refno","Conservatives","Labour","Liberal Democrats","SNP","Plaid Cymru","Greens","UKIP","Other"
1,1,1,1,0,1,1,1,1
2,1,1,1,0,1,1,1,0
3,1,1,1,1,0,0,0,1
4,1,1,1,1,0,1,1,1
5,1,1,1,1,0,1,1,1
6,1,1,1,1,0,0,1,1
7,1,1,1,0,0,1,1,0
8,1,1,1,0,0,1,1,1
9,1,1,1,0,0,1,1,0
10,1,1,1,0,1,1,1,0
11,1,1,1,0,0,1,1,0
12,1,1,1,1,0,1,1,0
16,1,1,1,0,1,0,1,1
17,1,1,1,1,0,0,1,0
18,1,1,1,0,0,1,1,0
19,1,1,1,0,0,0,1,1
20,1,1,1,0,0,1,1,0
21,1,1,1,0,0,1,1,0
22,1,1,1,0,0,1,1,0
23,1,1,1,1,0,0,1,0
24,1,1,1,1,0,1,0,0
25,1,1,1,1,0,0,1,0
26,1,1,1,0,0,1,1,1
27,1,1,1,1,0,0,0,0
28,1,1,1,0,0,1,1,1
29,1,1,1,0,0,1,1,1
30,1,1,1,0,0,0,1,1
31,1,1,1,0,0,1,1,1
32,1,1,1,0,0,0,1,0
33,1,1,1,0,0,0,1,1
34,1,1,1,0,0,0,1,1
35,1,1,1,0,0,1,1,0
36,1,1,1,0,0,1,1,1
37,1,1,1,0,0,1,1,1
38,1,1,1,0,0,1,1,0
39,1,1,1,0,0,1,1,0
40,1,1,1,0,0,1,1,0
41,1,1,1,0,0,1,1,1
42,1,1,1,0,0,1,1,1
43,1,1,1,0,0,1,1,0
44,1,1,1,0,0,1,1,0
49,1,1,1,0,0,1,1,1
50,1,1,1,0,0,1,1,1
51,1,1,1,1,0,1,1,1
52,1,1,1,0,0,1,1,1
53,1,1,1,0,0,1,1,1
54,1,1,1,0,0,1,1,0
55,1,1,1,0,0,1,1,1
56,1,1,1,0,0,1,1,0
57,1,1,1,0,0,1,1,1
58,1,1,1,0,0,1,1,1
59,1,1,1,0,0,1,1,1
60,1,1,1,0,0,1,1,1
61,1,1,1,0,0,1,1,1
62,1,1,1,0,0,1,1,0
63,1,1,1,0,0,1,1,1
64,1,1,1,0,0,1,1,0
65,1,1,1,0,0,1,1,1
66,1,1,1,0,0,1,1,0
67,1,1,1,0,0,0,1,0
68,1,1,1,0,0,1,1,0
69,1,1,1,0,0,1,1,1
70,1,1,1,0,0,1,1,1
71,1,1,1,0,1,1,1,0
72,1,1,1,0,0,1,1,0
73,1,1,1,0,0,1,1,0
74,1,1,1,0,0,1,1,0
75,1,1,1,0,0,0,1,0
76,1,1,1,0,0,1,1,0
77,1,1,1,0,0,1,1,0
78,1,1,1,0,0,0,1,1
79,1,1,1,0,0,1,1,1
80,1,1,1,0,0,1,1,1
81,1,1,1,0,0,0,1,0
82,1,1,1,0,0,1,1,1
83,1,1,1,0,0,1,1,1
84,1,1,1,0,0,1,1,0
85,1,1,1,0,0,1,1,1
86,1,1,1,0,0,1,1,0
87,1,1,1,0,0,1,1,1
88,1,1,1,0,0,1,1,1
89,1,1,1,0,1,1,1,0
90,1,1,1,0,0,1,1,1
91,1,1,1,0,0,1,1,1
92,1,1,1,0,0,1,1,0
93,1,1,1,0,0,1,1,1
94,1,1,1,0,1,1,1,1
95,1,1,1,0,0,1,1,0
96,1,1,1,0,0,1,1,1
97,1,1,1,0,0,1,1,1
98,1,1,1,0,0,1,1,1
99,1,1,1,0,0,1,1,1
100,1,1,1,0,0,1,1,1
101,1,1,1,0,0,1,1,1
102,1,1,1,0,0,1,1,1
103,1,1,1,0,0,1,1,0
104,1,1,1,0,0,1,1,0
105,1,1,1,0,0,1,1,0
106,1,1,1,0,0,1,1,0
107,1,1,1,0,0,1,1,1
108,0,0,0,0,0,1,1,1
109,1,1,1,0,0,1,1,0
110,1,1,1,0,0,1,1,0
111,1,1,1,0,0,1,1,0
112,1,1,1,0,0,1,1,1
113,1,1,1,0,0,1,1,0
114,1,1,1,0,1,1,1,1
115,1,1,1,1,0,0,1,0
116,1,1,1,0,0,1,1,1
117,1,1,1,0,0,1,1,1
118,1,1,1,0,0,1,1,1
119,1,1,1,0,0,1,1,1
120,1,1,1,0,0,1,1,0
121,1,1,1,0,0,1,1,1
122,1,1,1,0,0,1,1,0
123,1,1,1,0,0,1,1,0
124,1,1,1,0,0,1,1,0
125,1,1,1,0,0,1,1,1
126,1,1,1,0,1,1,1,1
127,1,1,1,0,1,1,1,1
128,1,1,1,0,1,1,1,1
129,1,1,1,0,1,1,1,1
130,1,1,1,0,0,1,1,1
131,1,1,1,0,1,1,1,0
132,1,1,1,0,1,1,1,0
133,1,1,1,0,0,1,1,1
134,1,1,1,0,0,1,1,0
135,1,1,1,0,1,1,1,0
136,1,1,1,0,0,0,1,1
137,1,1,1,0,0,1,1,1
138,1,1,1,0,0,0,1,1
139,1,1,1,0,0,1,1,1
140,1,1,1,0,0,1,1,0
141,1,1,1,0,0,1,1,1
142,1,1,1,0,0,1,1,0
143,1,1,1,0,0,0,1,0
144,1,1,1,0,0,1,1,1
145,1,1,1,0,0,1,1,1
146,1,1,1,0,0,1,1,1
147,1,1,1,0,0,1,1,0
148,1,1,1,0,0,1,1,1
149,1,1,1,0,0,1,1,1
150,1,1,1,0,0,1,1,0
151,1,1,1,0,0,1,1,1
152,1,1,1,0,0,1,1,0
153,1,1,1,0,0,1,1,1
154,1,1,1,0,1,1,1,0
155,1,1,1,0,1,0,1,1
156,1,1,1,1,0,0,1,0
157,1,1,1,0,0,1,1,1
158,1,1,1,0,0,1,1,1
159,1,1,1,0,0,1,1,0
160,1,1,1,0,0,1,1,0
161,1,1,1,0,0,1,1,0
162,1,1,1,0,0,1,1,1
163,1,1,1,0,0,1,1,1
164,1,1,1,0,0,1,1,0
165,1,1,1,0,0,1,1,1
166,1,1,1,0,0,1,1,1
167,1,1,1,0,0,1,1,1
168,1,1,1,0,0,1,1,0
169,1,1,1,0,0,0,1,0
170,1,1,1,0,0,1,1,1
171,1,1,1,0,0,1,1,1
172,1,1,1,0,0,1,1,1
173,1,1,1,1,0,0,0,0
174,1,1,1,0,1,1,1,1
175,1,1,1,0,0,1,1,1
176,1,1,1,0,0,1,1,1
177,1,1,1,0,0,1,1,1
178,1,1,1,0,0,1,1,0
179,1,1,1,0,1,1,1,0
180,1,1,1,0,0,1,1,1
181,1,1,1,0,0,1,1,0
182,1,1,1,0,0,1,1,1
183,1,1,1,0,0,1,1,1
184,1,1,1,0,0,1,1,0
185,1,1,1,0,0,1,1,1
186,1,1,1,0,0,1,1,0
187,1,1,1,0,0,1,1,0
188,1,1,1,0,0,1,1,1
189,1,1,1,0,0,0,1,1
190,1,1,1,0,0,1,1,1
191,1,1,1,0,0,1,1,0
192,1,1,1,0,0,1,1,0
193,1,1,1,0,0,1,1,1
194,1,1,1,0,0,0,1,1
195,1,1,1,0,0,0,1,1
196,1,1,1,0,0,1,1,1
197,1,1,1,0,0,1,1,0
198,1,1,1,0,0,1,1,0
199,1,1,1,0,0,1,1,1
200,1,1,1,0,0,1,1,0
201,1,1,1,0,0,1,1,0
204,1,1,1,0,0,1,1,1
205,1,1,1,0,0,1,1,0
206,1,1,1,0,0,1,1,1
207,1,1,1,1,0,0,1,0
208,1,1,1,1,0,1,1,0
209,1,1,1,1,0,1,1,0
210,1,1,1,1,0,0,0,1
211,1,1,1,1,0,1,0,1
212,1,1,1,1,0,1,0,1
213,1,1,1,1,0,1,0,0
214,1,1,1,0,0,1,1,1
215,1,1,1,0,0,1,1,0
216,1,1,1,0,0,1,1,0
217,1,1,1,0,1,1,1,1
218,1,1,1,0,0,1,1,1
219,1,1,1,0,0,1,1,1
220,1,1,1,0,0,1,1,1
221,1,1,1,0,0,1,1,1
222,1,1,1,0,0,1,1,1
223,1,1,1,1,0,0,1,1
224,1,1,1,1,0,1,1,1
225,1,1,1,0,0,1,1,1
226,1,1,1,0,0,1,1,1
227,1,1,1,0,0,1,1,1
228,1,1,1,1,0,1,1,1
229,1,1,1,1,0,1,1,1
230,1,1,1,1,0,1,1,1
231,1,1,1,1,0,1,1,0
232,1,1,1,1,0,1,1,0
233,1,1,1,0,0,1,1,1
234,1,1,1,0,0,1,1,1
235,1,1,1,0,0,1,1,0
236,1,1,1,0,0,1,1,0
237,1,1,1,0,0,1,1,1
238,1,1,1,0,0,1,1,0
239,1,1,1,0,0,1,1,1
240,1,1,1,0,0,1,1,1
241,1,1,1,0,0,1,1,0
242,1,1,1,0,0,1,1,1
243,1,1,1,0,0,1,1,1
244,1,1,1,0,0,1,1,1
245,1,1,1,1,0,0,1,0
246,1,1,1,0,0,1,1,1
247,1,1,1,0,0,1,1,1
248,1,1,1,0,0,1,1,0
250,1,1,1,1,0,1,0,1
251,1,1,1,0,0,1,1,0
252,1,1,1,0,0,1,1,0
253,1,1,1,0,0,1,1,1
254,1,1,1,0,0,1,1,0
256,1,1,1,0,0,1,1,1
257,1,1,1,0,0,1,1,1
258,1,1,1,0,0,1,1,0
259,1,1,1,0,0,1,1,0
260,1,1,1,0,0,1,1,0
261,1,1,1,0,0,1,1,1
262,1,1,1,1,0,1,1,1
263,1,1,1,1,0,1,1,1
264,1,1,1,1,0,1,1,1
265,1,1,1,1,0,1,0,1
266,1,1,1,1,0,1,0,1
267,1,1,1,1,0,1,0,1
268,1,1,1,1,0,1,1,1
269,1,1,1,1,0,0,0,0
270,1,1,1,0,0,1,1,1
271,1,1,1,1,0,0,1,0
272,1,1,1,0,0,1,1,1
273,1,1,1,0,1,1,1,1
274,1,1,1,0,0,1,1,1
275,1,1,1,0,0,1,1,0
276,1,1,1,0,0,1,1,1
277,1,1,1,0,0,1,1,1
278,1,1,1,0,0,1,1,1
279,1,1,1,0,0,1,1,1
280,1,1,1,0,0,1,1,1
281,1,1,1,0,0,1,1,1
282,1,1,1,0,0,1,1,0
283,1,1,1,0,0,1,1,1
284,1,1,1,0,0,1,1,1
285,1,1,1,0,0,1,1,1
286,1,1,1,0,0,1,1,1
287,1,1,1,0,0,1,1,0
288,1,1,1,0,0,1,1,1
289,1,1,1,0,0,1,1,0
290,1,1,1,0,0,1,1,1
291,1,1,1,0,0,1,1,0
292,1,1,1,0,0,1,1,1
293,1,1,1,0,0,1,1,0
294,1,1,1,0,0,1,1,1
295,1,1,1,0,0,1,1,1
296,1,1,1,0,0,1,1,1
297,1,1,1,0,0,1,1,0
298,1,1,1,0,0,1,1,0
299,1,1,1,0,0,1,1,0
300,1,1,1,0,0,1,1,0
301,1,1,1,0,0,1,1,0
302,1,1,1,0,0,1,1,1
303,1,1,1,0,0,0,1,1
304,1,1,1,0,0,1,1,0
305,1,1,1,0,0,1,1,0
306,1,1,1,0,0,1,1,0
307,1,1,1,0,0,1,1,0
308,1,1,1,0,0,1,1,0
309,1,1,1,0,0,1,1,0
310,1,1,1,0,0,1,1,1
311,1,1,1,0,0,0,1,0
312,1,1,1,0,0,1,1,0
313,1,1,1,0,0,1,1,0
314,1,1,1,0,0,1,1,0
315,1,1,1,0,0,1,1,0
316,1,1,1,0,0,1,1,1
317,1,1,1,0,0,1,1,1
318,1,1,1,0,0,1,1,1
319,1,1,1,0,0,1,1,1
320,1,1,1,0,0,1,1,0
321,1,1,1,0,0,1,1,1
322,1,1,1,0,0,1,1,1
323,1,1,1,0,0,1,1,1
324,1,1,1,0,0,1,1,1
325,1,1,1,0,0,1,1,1
326,1,1,1,0,0,1,1,0
327,1,1,1,0,0,1,1,0
328,1,1,1,0,0,1,1,1
329,1,1,1,0,0,1,1,0
330,1,1,1,1,0,0,1,1
331,1,1,1,1,0,1,1,1
332,1,1,1,0,0,1,1,0
333,1,1,1,0,0,1,1,1
334,1,1,1,0,0,1,1,1
335,1,1,1,0,0,1,1,1
336,1,1,1,0,1,1,1,1
337,1,1,1,0,0,1,1,1
338,1,1,1,0,0,1,1,0
339,1,1,1,0,0,1,1,1
340,1,1,1,0,0,1,1,1
341,1,1,1,0,0,1,1,1
342,1,1,1,1,0,0,0,0
343,1,1,1,0,0,1,1,1
344,1,1,1,0,0,1,1,1
345,1,1,1,1,0,0,1,0
346,1,1,1,0,0,1,1,0
348,1,1,1,1,0,0,1,0
349,1,1,1,0,0,1,1,1
350,1,1,1,0,0,1,1,1
351,1,1,1,0,0,1,1,1
352,1,1,1,0,0,1,1,0
353,1,1,1,0,0,1,1,1
354,1,1,1,0,0,1,1,1
355,1,1,1,0,0,1,1,1
356,1,1,1,0,0,1,1,1
357,1,1,1,0,0,1,1,1
358,1,1,1,0,0,1,1,1
359,1,1,1,0,0,1,1,0
360,1,1,1,0,0,0,1,0
361,1,1,1,0,0,0,1,1
362,1,1,1,0,0,1,1,0
363,1,1,1,0,0,1,1,1
364,1,1,1,0,0,1,1,1
365,1,1,1,0,0,1,1,1
366,1,1,1,0,0,1,1,1
367,1,1,1,0,0,1,1,1
368,1,1,1,0,0,0,1,1
369,1,1,1,1,0,0,1,1
370,1,1,1,0,0,1,1,1
371,1,1,1,0,0,1,1,1
372,1,1,1,0,0,1,1,1
373,1,1,1,0,0,1,1,1
374,1,1,1,1,0,0,1,0
375,1,1,1,0,1,1,1,1
377,1,1,1,0,0,1,1,0
378,1,1,1,0,0,1,1,1
379,1,1,1,0,0,1,1,0
380,1,1,1,0,0,1,1,0
381,1,1,1,0,0,1,1,1
382,1,1,1,0,0,1,1,0
383,1,1,1,0,0,1,1,1
384,1,1,1,0,0,1,1,1
385,1,1,1,0,0,1,1,0
386,1,1,1,0,0,1,1,1
387,1,1,1,0,0,1,1,1
388,1,1,1,0,0,1,1,1
389,1,1,1,0,0,1,1,1
390,1,1,1,0,0,1,1,1
391,1,1,1,0,0,1,1,0
392,1,1,1,0,0,1,1,1
393,1,1,1,0,1,1,1,1
394,1,1,1,0,0,1,1,0
395,1,1,1,0,0,1,1,0
396,1,1,1,1,0,1,1,0
397,1,1,1,0,0,1,1,1
398,1,1,1,0,0,1,1,1
399,1,1,1,0,0,1,1,1
400,1,1,1,0,0,1,1,0
401,1,1,1,0,1,1,1,1
402,1,1,1,0,1,1,1,0
403,1,1,1,1,0,1,1,0
404,1,1,1,0,0,1,1,1
405,1,1,1,0,0,1,1,1
406,1,1,1,1,0,0,1,0
407,1,1,1,1,0,0,0,1
408,1,1,1,0,1,1,1,0
409,1,1,1,0,0,1,1,0
410,1,1,1,0,0,1,1,0
411,1,1,1,0,0,1,1,1
412,1,1,1,0,0,1,1,1
413,1,1,1,0,0,1,1,1
414,1,1,1,0,0,1,1,0
415,1,1,1,0,0,1,1,1
416,1,1,1,0,0,1,1,1
417,1,1,1,0,1,1,1,1
418,1,1,1,0,1,1,1,0
420,1,1,1,0,0,1,1,1
421,1,1,1,0,0,1,1,0
422,1,1,1,0,0,1,1,0
423,1,1,1,0,0,1,1,0
424,1,1,1,0,0,1,1,0
425,1,1,1,0,0,1,1,0
426,1,1,1,0,0,0,1,0
427,1,1,1,0,0,1,1,0
428,1,1,1,0,0,1,1,1
429,1,1,1,0,0,1,1,0
430,1,1,1,0,0,1,1,1
431,1,1,1,0,0,1,1,1
432,1,1,1,0,0,1,1,1
433,1,1,1,0,0,1,1,1
434,1,1,1,0,0,1,1,1
435,1,1,1,0,0,1,1,1
436,1,1,1,1,0,0,1,0
437,1,1,1,0,1,1,1,1
438,1,1,1,0,0,1,1,1
439,1,1,1,0,0,1,1,0
440,1,1,1,0,0,1,1,0
441,1,1,1,1,0,0,1,0
442,1,1,1,0,0,1,1,0
443,1,1,1,0,0,1,1,1
444,1,1,1,0,0,1,1,1
445,1,1,1,1,0,1,0,1
446,1,1,1,1,0,0,0,1
447,1,1,1,0,0,1,1,0
448,1,1,1,0,0,0,1,1
449,1,1,1,0,0,1,1,0
450,1,1,1,1,0,1,1,1
451,1,1,1,0,0,1,1,1
452,1,1,1,0,0,1,1,1
453,1,1,1,0,0,1,1,1
454,1,1,1,0,1,1,1,1
455,1,1,1,0,0,1,1,1
456,1,1,1,0,0,1,1,1
457,1,1,1,0,0,1,1,1
458,1,1,1,0,0,1,1,1
459,1,1,1,0,1,1,1,1
460,1,1,1,0,0,1,1,0
461,1,1,1,0,0,1,1,0
462,1,1,1,0,0,1,1,1
463,1,1,1,0,0,1,1,1
464,1,1,1,0,0,1,1,0
465,1,1,1,0,0,1,1,1
466,1,1,1,0,0,1,1,1
467,1,1,1,0,0,1,1,1
468,1,1,1,0,0,1,1,0
469,1,1,1,1,0,0,1,0
470,1,1,1,0,1,1,1,0
471,1,1,1,0,0,1,1,1
472,1,1,1,0,0,1,1,1
473,1,1,1,0,0,1,1,0
474,1,1,1,0,0,1,1,1
475,1,1,1,0,0,1,1,1
476,1,1,1,0,0,1,1,0
477,1,1,1,0,0,1,1,0
478,1,1,1,0,0,1,1,0
479,1,1,1,1,0,1,1,0
480,1,1,1,0,0,1,1,1
481,1,1,1,0,0,0,1,1
482,1,1,1,0,0,0,1,1
483,1,1,1,0,0,1,1,1
484,1,1,1,0,0,1,1,1
485,1,1,1,0,0,1,1,0
486,1,1,1,0,0,1,1,0
487,1,1,1,1,0,0,1,1
488,1,1,1,0,0,1,1,1
489,1,1,1,0,0,1,1,1
490,1,1,1,0,0,1,1,0
491,1,1,1,0,0,1,1,1
492,1,1,1,0,0,1,1,0
493,1,1,1,0,0,1,1,0
494,1,1,1,0,0,1,1,1
495,1,1,1,0,0,1,1,1
496,1,1,1,0,0,1,1,1
497,1,1,1,0,0,1,1,1
498,1,1,1,0,0,1,1,1
499,1,1,1,0,0,1,1,0
500,1,1,1,0,0,1,1,0
501,1,1,1,0,0,1,1,1
502,1,1,1,0,0,1,1,0
503,1,1,1,0,0,1,1,1
504,1,1,1,0,0,1,1,1
505,1,1,1,0,0,1,1,1
506,1,1,1,0,0,1,1,1
507,1,1,1,0,0,1,1,1
508,1,1,1,0,0,1,1,1
509,1,1,1,0,0,1,1,1
510,1,1,1,0,0,1,1,1
511,1,1,1,0,0,1,1,0
512,1,1,1,0,0,1,1,1
513,1,1,1,0,0,1,1,0
514,1,1,1,0,0,0,1,1
515,1,1,1,0,0,1,1,0
516,1,1,1,0,0,1,1,1
517,1,1,1,0,0,1,1,0
518,1,1,1,0,0,1,1,0
519,1,1,1,0,0,1,1,1
520,1,1,1,0,0,1,1,0
521,1,1,1,0,0,0,1,0
522,1,1,1,0,0,1,1,1
523,1,1,1,0,0,1,1,1
524,1,1,1,0,0,1,1,1
525,1,1,1,0,0,1,1,1
526,1,1,1,0,0,1,1,1
527,1,1,1,0,0,1,1,1
528,1,1,1,0,0,1,1,1
529,1,1,1,0,0,1,1,0
530,1,1,1,0,0,1,1,0
531,1,1,1,0,0,1,1,0
532,1,1,1,0,0,1,1,1
533,1,1,1,1,0,1,0,0
534,1,1,1,0,0,1,1,1
535,1,1,1,0,0,0,1,1
536,1,1,1,0,0,1,1,1
537,1,1,1,0,0,1,1,1
538,1,1,1,0,0,1,1,1
539,1,1,1,0,0,1,1,1
540,1,1,1,0,0,1,1,1
541,1,1,1,0,0,1,1,0
543,1,1,1,0,0,1,1,0
544,1,1,1,0,0,1,1,1
545,1,1,1,0,0,1,1,1
546,1,1,1,0,0,1,1,1
547,1,1,1,0,0,1,1,1
548,1,1,1,0,0,1,1,0
549,1,1,1,0,0,1,1,1
550,1,1,1,0,0,1,1,0
551,1,1,1,0,0,1,1,1
552,1,1,1,0,0,1,1,1
553,1,1,1,0,0,1,1,1
554,1,1,1,0,0,1,1,1
555,1,1,1,0,0,1,1,1
556,1,1,1,0,0,1,1,1
557,1,1,1,0,0,1,1,1
558,1,1,1,0,1,0,1,0
559,1,1,1,0,1,1,1,1
560,1,1,1,0,0,1,1,0
561,1,1,1,0,0,1,1,0
562,1,1,1,0,0,1,1,0
563,1,1,1,0,0,1,1,0
564,1,1,1,0,0,1,1,1
565,1,1,1,0,0,1,1,0
566,1,1,1,0,0,1,1,0
567,1,1,1,0,0,1,1,1
568,1,1,1,0,0,1,1,1
569,1,1,1,0,0,1,1,1
570,1,1,1,0,0,1,1,0
571,1,1,1,0,0,0,1,1
572,1,1,1,0,0,1,1,0
573,1,1,1,0,0,1,1,0
574,1,1,1,0,0,1,1,0
575,1,1,1,0,0,1,1,0
576,1,1,1,0,1,1,1,1
577,1,1,1,0,0,1,1,0
578,1,1,1,0,0,1,1,1
579,1,1,1,0,0,1,1,1
580,1,1,1,0,0,1,1,1
581,1,1,1,0,0,1,1,1
582,1,1,1,0,0,1,1,0
583,1,1,1,0,0,1,1,1
587,1,1,1,0,0,1,1,1
588,1,1,1,0,1,0,1,0
589,1,1,1,0,1,1,1,1
590,1,1,1,0,0,1,1,1
591,1,1,1,0,0,1,1,1
592,1,1,1,0,0,1,1,0
593,1,1,1,0,0,1,1,1
594,1,1,1,0,0,1,1,0
595,1,1,1,0,0,1,1,1
596,1,1,1,0,0,1,1,0
597,1,1,1,0,0,1,1,0
598,1,1,1,0,0,1,1,0
599,1,1,1,0,0,1,1,0
600,1,1,1,0,0,1,1,1
601,1,1,1,0,0,1,1,0
602,1,1,1,0,0,1,1,1
603,1,1,1,0,0,1,1,1
604,1,1,1,0,0,1,1,1
605,1,1,1,0,0,1,1,0
606,1,1,1,0,0,1,1,0
607,1,1,1,0,0,1,1,1
608,1,1,1,0,0,1,1,0
609,1,1,1,0,0,1,1,1
610,1,1,1,0,0,1,1,1
611,1,1,1,0,0,0,1,1
612,1,1,1,0,0,1,1,0
613,1,1,1,0,0,1,1,0
614,1,1,1,0,0,1,1,1
615,1,1,1,0,0,1,1,1
616,1,1,1,0,0,1,1,0
617,1,1,1,0,0,1,1,1
618,1,1,1,0,0,1,1,1
619,1,1,1,0,0,1,1,1
620,1,1,1,0,0,1,1,0
621,1,1,1,0,0,1,1,0
622,1,1,1,0,0,1,1,0
623,1,1,1,0,0,1,1,1
624,1,1,1,0,0,1,1,0
625,1,1,1,0,0,0,1,1
626,1,1,1,0,0,1,1,1
627,1,1,1,0,0,1,1,1
628,1,1,1,0,0,1,1,1
629,1,1,1,0,0,1,1,1
630,1,1,1,0,0,1,1,0
631,1,1,1,0,0,1,1,0
632,1,1,1,0,0,1,1,1
633,1,1,1,0,0,1,1,1
634,1,1,1,0,0,1,1,0
635,1,1,1,0,0,1,1,0
636,1,1,1,0,0,1,1,1
637,1,1,1,0,0,1,1,1
638,1,1,1,0,0,1,1,1
639,1,1,1,0,0,1,1,0
640,1,1,1,0,0,1,1,0
641,1,1,1,0,1,1,1,1
642,1,1,1,0,0,1,1,1
643,1,1,1,0,0,1,1,0
644,1,1,1,0,0,1,1,1
645,1,1,1,0,0,1,1,1
646,1,1,1,0,0,1,1,0
647,1,1,1,0,1,0,1,1
648,1,1,1,0,0,1,1,1
649,1,1,1,0,0,1,1,0
650,1,1,1,0,0,1,1,1
